"Date","Price","Open","High","Low","Vol.","Change %"
"01/01/2025","10.1310","10.1345","10.1403","10.1285","","-0.01%"
"12/31/2024","10.1325","10.1180","10.1400","10.0944","","0.17%"
"12/30/2024","10.1148","10.0920","10.1396","10.0792","","0.24%"
"12/27/2024","10.0910","10.0594","10.1071","10.0471","","0.41%"
"12/26/2024","10.0494","10.0575","10.0708","10.0442","","-0.06%"
"12/25/2024","10.0550","10.0586","10.0659","10.0458","","0.07%"
"12/24/2024","10.0478","10.0554","10.0748","10.0352","","-0.11%"
"12/23/2024","10.0590","10.0414","10.0812","10.0354","","0.20%"
"12/20/2024","10.0389","10.0671","10.0814","10.0338","","-0.17%"
"12/19/2024","10.0559","10.0722","10.0769","10.0170","","-0.14%"
"12/18/2024","10.0697","9.9925","10.0788","9.9736","","0.87%"
"12/17/2024","9.9825","9.9895","10.0036","9.9713","","0.08%"
"12/16/2024","9.9745","9.9837","10.0096","9.9637","","0.06%"
"12/13/2024","9.9681","10.0202","10.0360","9.9606","","-0.42%"
"12/12/2024","10.0102","9.9860","10.0293","9.9388","","0.27%"
"12/11/2024","9.9835","10.0019","10.0272","9.9559","","-0.08%"
"12/10/2024","9.9919","10.0152","10.0217","9.9792","","-0.21%"
"12/09/2024","10.0127","9.9719","10.0205","9.9558","","0.52%"
"12/06/2024","9.9605","9.9227","9.9770","9.9100","","0.40%"
"12/05/2024","9.9206","9.9564","9.9644","9.9118","","-0.26%"
"12/04/2024","9.9466","9.9975","10.0122","9.9350","","-0.41%"
"12/03/2024","9.9875","10.0173","10.0284","9.9822","","-0.20%"
"12/02/2024","10.0073","9.9965","10.0417","9.9902","","0.26%"
"11/29/2024","9.9812","10.0049","10.0165","9.9770","","-0.10%"
"11/28/2024","9.9912","9.9955","10.0278","9.9913","","-0.06%"
"11/27/2024","9.9975","10.0375","10.0455","9.9813","","-0.37%"
"11/26/2024","10.0350","10.0407","10.0821","9.9986","","0.10%"
"11/25/2024","10.0250","10.0730","10.0799","10.0122","","-0.40%"
"11/22/2024","10.0656","10.0185","10.1045","10.0017","","0.57%"
"11/21/2024","10.0085","9.9932","10.0325","9.9757","","0.25%"
"11/20/2024","9.9832","9.9738","10.0166","9.9628","","0.11%"
"11/19/2024","9.9718","10.0020","10.0253","9.9638","","-0.20%"
"11/18/2024","9.9920","10.0020","10.0020","10.0020","","0.00%"
"11/15/2024","9.9920","9.9868","10.0184","9.9580","","0.08%"
"11/14/2024","9.9841","9.9568","10.0119","9.9493","","0.37%"
"11/13/2024","9.9468","9.9143","9.9686","9.9038","","0.35%"
"11/12/2024","9.9118","9.9290","9.9420","9.8982","","-0.14%"
"11/11/2024","9.9255","9.9050","9.9430","9.8835","","0.42%"
"11/08/2024","9.8839","9.8628","9.9065","9.8477","","0.23%"
"11/07/2024","9.8612","9.9010","9.9203","9.8465","","-0.38%"
"11/06/2024","9.8984","9.7912","9.9040","9.7880","","1.11%"
"11/05/2024","9.7894","9.8412","9.8517","9.7844","","-0.43%"
"11/04/2024","9.8314","9.8281","9.8505","9.7996","","0.13%"
"11/01/2024","9.8182","9.8295","9.8505","9.8066","","-0.09%"
"10/31/2024","9.8270","9.8540","9.8653","9.8221","","-0.17%"
"10/30/2024","9.8440","9.8520","9.8771","9.8268","","-0.06%"
"10/29/2024","9.8495","9.8530","9.8817","9.8352","","0.07%"
"10/28/2024","9.8430","9.8905","9.8975","9.8406","","-0.45%"
"10/25/2024","9.8870","9.8665","9.8919","9.8550","","0.23%"
"10/24/2024","9.8641","9.9043","9.9185","9.8623","","-0.38%"
"10/23/2024","9.9018","9.8967","9.9215","9.8805","","0.08%"
"10/22/2024","9.8942","9.9096","9.9105","9.8708","","-0.08%"
"10/21/2024","9.9022","9.9334","9.9531","9.8819","","-0.24%"
"10/18/2024","9.9265","9.9136","9.9410","9.8912","","0.20%"
"10/17/2024","9.9066","9.8673","9.9272","9.8597","","0.42%"
"10/16/2024","9.8651","9.8408","9.8781","9.8272","","0.32%"
"10/15/2024","9.8333","9.8415","9.8614","9.8158","","-0.06%"
"10/14/2024","9.8390","9.8102","9.8588","9.7938","","0.36%"
"10/11/2024","9.8040","9.8280","9.8368","9.7976","","-0.19%"
"10/10/2024","9.8228","9.8340","9.8522","9.8077","","-0.08%"
"10/09/2024","9.8310","9.8067","9.8408","9.7983","","0.30%"
"10/08/2024","9.8014","9.8162","9.8259","9.7925","","-0.12%"
"10/07/2024","9.8135","9.8126","9.8456","9.8072","","-0.06%"
"10/04/2024","9.8196","9.7752","9.8280","9.7572","","0.53%"
"10/03/2024","9.7678","9.7860","9.7997","9.7556","","-0.11%"
"10/02/2024","9.7782","9.7580","9.7937","9.7448","","0.17%"
"10/01/2024","9.7620","9.7250","9.7787","9.7131","","0.41%"
"09/30/2024","9.7225","9.6915","9.7369","9.6778","","0.37%"
"09/27/2024","9.6870","9.6758","9.7161","9.6659","","0.10%"
"09/26/2024","9.6775","9.6837","9.7045","9.6615","","0.01%"
"09/25/2024","9.6762","9.6658","9.6931","9.6363","","0.18%"
"09/24/2024","9.6585","9.7040","9.7154","9.6555","","-0.41%"
"09/23/2024","9.6980","9.6815","9.7196","9.6773","","0.20%"
"09/20/2024","9.6783","9.6985","9.7074","9.6725","","-0.14%"
"09/19/2024","9.6920","9.7402","9.7602","9.6829","","-0.46%"
"09/18/2024","9.7367","9.7594","9.7613","9.7004","","-0.16%"
"09/17/2024","9.7519","9.7390","9.7613","9.7270","","0.00%"
"09/16/2024","9.7519","9.7670","9.7679","9.7368","","0.03%"
"09/13/2024","9.7489","9.7818","9.7854","9.7415","","-0.24%"
"09/12/2024","9.7725","9.7842","9.8084","9.7643","","-0.03%"
"09/11/2024","9.7752","9.7550","9.7910","9.7262","","0.31%"
"09/10/2024","9.7452","9.7370","9.7632","9.7155","","0.19%"
"09/09/2024","9.7271","9.7240","9.7598","9.7196","","0.00%"
"09/06/2024","9.7270","9.7256","9.7448","9.6867","","0.09%"
"09/05/2024","9.7178","9.7475","9.7603","9.7178","","-0.28%"
"09/04/2024","9.7455","9.7640","9.7825","9.7408","","-0.12%"
"09/03/2024","9.7570","9.7726","9.7853","9.7395","","-0.08%"
"09/02/2024","9.7645","9.7695","9.8151","9.7545","","-0.04%"
"08/30/2024","9.7680","9.7177","9.7743","9.7039","","0.60%"
"08/29/2024","9.7102","9.6744","9.7304","9.6554","","0.40%"
"08/28/2024","9.6718","9.6310","9.6877","9.6261","","0.45%"
"08/27/2024","9.6285","9.6431","9.6545","9.6208","","-0.07%"
"08/26/2024","9.6355","9.6471","9.6706","9.6215","","-0.11%"
"08/23/2024","9.6465","9.6786","9.6845","9.6295","","-0.30%"
"08/22/2024","9.6754","9.6811","9.6952","9.6517","","-0.03%"
"08/21/2024","9.6785","9.6919","9.7068","9.6641","","-0.06%"
"08/20/2024","9.6842","9.7154","9.7249","9.6871","","-0.26%"
"08/19/2024","9.7090","9.7380","9.7516","9.7104","","-0.63%"
"08/16/2024","9.7703","9.7812","9.7840","9.7568","","-0.08%"
"08/15/2024","9.7785","9.7640","9.8025","9.7564","","0.17%"
"08/14/2024","9.7615","9.7745","9.7781","9.7455","","-0.42%"
"08/13/2024","9.8022","9.8120","9.8208","9.7874","","-0.07%"
"08/12/2024","9.8089","9.8267","9.8395","9.8053","","-0.15%"
"08/09/2024","9.8233","9.8405","9.8480","9.8109","","-0.14%"
"08/08/2024","9.8370","9.8405","9.8709","9.8013","","0.02%"
"08/07/2024","9.8354","9.8339","9.8513","9.8174","","0.04%"
"08/06/2024","9.8314","9.8328","9.8610","9.8228","","0.00%"
"08/05/2024","9.8318","9.8495","9.8669","9.7981","","-0.17%"
"08/02/2024","9.8481","9.9345","9.9426","9.8328","","-0.84%"
"08/01/2024","9.9320","9.9265","9.9775","9.9149","","0.09%"
"07/31/2024","9.9230","9.9115","9.9397","9.8909","","0.14%"
"07/30/2024","9.9089","9.9073","9.9224","9.8962","","0.15%"
"07/29/2024","9.8941","9.8737","9.9229","9.8667","","0.24%"
"07/26/2024","9.8701","9.8648","9.8948","9.8528","","0.08%"
"07/25/2024","9.8624","9.8996","9.9136","9.8489","","-0.35%"
"07/24/2024","9.8972","9.8658","9.9223","9.8576","","0.45%"
"07/23/2024","9.8533","9.8434","9.8796","9.8305","","0.23%"
"07/22/2024","9.8309","9.8469","9.8555","9.8067","","-0.06%"
"07/19/2024","9.8371","9.8124","9.8578","9.8113","","0.29%"
"07/18/2024","9.8088","9.8185","9.8309","9.7892","","-0.07%"
"07/17/2024","9.8153","9.8349","9.8420","9.8067","","-0.10%"
"07/16/2024","9.8256","9.8191","9.8531","9.8132","","0.09%"
"07/15/2024","9.8166","9.8107","9.8266","9.8045","","0.10%"
"07/12/2024","9.8067","9.8244","9.8468","9.8020","","-0.05%"
"07/11/2024","9.8119","9.8399","9.8590","9.8055","","-0.16%"
"07/10/2024","9.8277","9.8534","9.8611","9.8230","","-0.13%"
"07/09/2024","9.8409","9.8622","9.8736","9.8288","","-0.09%"
"07/08/2024","9.8494","9.8827","9.8915","9.8485","","-0.21%"
"07/05/2024","9.8702","9.8952","9.9073","9.8679","","-0.13%"
"07/04/2024","9.8833","9.9462","9.9483","9.8841","","-0.51%"
"07/03/2024","9.9340","9.9767","9.9827","9.9198","","-0.41%"
"07/02/2024","9.9748","9.9657","10.0050","9.9553","","0.22%"
"07/01/2024","9.9528","9.9674","9.9875","9.9293","","-0.03%"
"06/28/2024","9.9562","9.9457","9.9915","9.9385","","0.13%"
"06/27/2024","9.9432","9.9425","9.9555","9.9210","","-0.02%"
"06/26/2024","9.9456","9.9269","9.9607","9.9236","","0.22%"
"06/25/2024","9.9236","9.9317","9.9595","9.9063","","-0.06%"
"06/24/2024","9.9291","9.9598","9.9650","9.9186","","-0.32%"
"06/21/2024","9.9608","9.9615","9.9855","9.9500","","0.04%"
"06/20/2024","9.9570","9.9630","9.9860","9.9426","","-0.13%"
"06/19/2024","9.9696","9.9994","10.0027","9.9572","","-0.25%"
"06/18/2024","9.9949","9.9994","9.9994","9.9994","","0.00%"
"06/17/2024","9.9949","9.9994","10.0020","9.9944","","-0.01%"
"06/14/2024","9.9956","9.9645","10.0179","9.9604","","0.34%"
"06/13/2024","9.9616","9.9536","9.9771","9.9263","","0.10%"
"06/12/2024","9.9512","9.9510","9.9766","9.9190","","0.02%"
"06/11/2024","9.9497","9.9556","9.9664","9.9294","","-0.02%"
"06/10/2024","9.9516","9.9204","9.9821","9.9192","","0.36%"
"06/07/2024","9.9158","9.8765","9.9245","9.8521","","0.42%"
"06/06/2024","9.8742","9.9051","9.9171","9.8526","","-0.29%"
"06/05/2024","9.9025","9.9353","9.9429","9.8962","","-0.30%"
"06/04/2024","9.9321","9.9481","9.9596","9.9292","","-0.12%"
"06/03/2024","9.9445","9.9563","10.0035","9.9368","","-0.08%"
"05/31/2024","9.9522","9.9647","9.9848","9.9317","","-0.13%"
"05/30/2024","9.9655","9.9564","9.9870","9.9464","","0.15%"
"05/29/2024","9.9502","9.9310","9.9668","9.9216","","0.22%"
"05/28/2024","9.9283","9.9463","9.9529","9.9172","","-0.16%"
"05/27/2024","9.9442","9.9565","9.9622","9.9371","","-0.06%"
"05/24/2024","9.9499","9.9505","9.9727","9.9397","","0.04%"
"05/23/2024","9.9457","9.9155","9.9614","9.9104","","0.27%"
"05/22/2024","9.9186","9.8928","9.9297","9.8572","","0.28%"
"05/21/2024","9.8905","9.9364","9.9501","9.8888","","-0.46%"
"05/20/2024","9.9362","9.9534","9.9584","9.9163","","-0.07%"
"05/17/2024","9.9431","9.9569","9.9884","9.9401","","-0.11%"
"05/16/2024","9.9543","9.9664","9.9787","9.9427","","0.01%"
"05/15/2024","9.9533","10.0208","10.0269","9.9544","","-0.69%"
"05/14/2024","10.0227","10.0236","10.0490","10.0112","","0.03%"
"05/13/2024","10.0200","10.0320","10.0491","10.0065","","-0.09%"
"05/10/2024","10.0295","10.0276","10.0532","10.0167","","0.06%"
"05/09/2024","10.0230","10.0288","10.0661","10.0190","","-0.03%"
"05/08/2024","10.0261","10.0366","10.0525","10.0101","","-0.08%"
"05/07/2024","10.0341","10.0353","10.0512","10.0191","","0.01%"
"05/06/2024","10.0330","10.0550","10.0629","10.0210","","-0.19%"
"05/03/2024","10.0525","10.0743","10.0938","10.0355","","-0.19%"
"05/02/2024","10.0720","10.1025","10.1098","10.0685","","-0.27%"
"05/01/2024","10.0988","10.1280","10.1381","10.0968","","-0.27%"
"04/30/2024","10.1258","10.1073","10.1287","10.0784","","0.20%"
"04/29/2024","10.1058","10.1380","10.1423","10.0940","","-0.20%"
"04/26/2024","10.1261","10.1319","10.1507","10.0954","","0.05%"
"04/25/2024","10.1215","10.1415","10.1548","10.1084","","-0.16%"
"04/24/2024","10.1380","10.1365","10.1747","10.1240","","0.05%"
"04/23/2024","10.1334","10.1526","10.1641","10.1168","","-0.14%"
"04/22/2024","10.1481","10.1464","10.1671","10.1355","","0.05%"
"04/19/2024","10.1426","10.1304","10.1601","10.1236","","0.16%"
"04/18/2024","10.1264","10.1369","10.1468","10.0993","","-0.08%"
"04/17/2024","10.1349","10.1639","10.1835","10.1324","","-0.26%"
"04/16/2024","10.1618","10.1825","10.1956","10.1492","","-0.11%"
"04/15/2024","10.1730","10.0280","10.1850","10.0280","","1.58%"
"04/12/2024","10.0150","10.0235","10.0250","10.0220","","-0.01%"
"04/11/2024","10.0160","10.0286","10.0316","10.0230","","-0.09%"
"04/10/2024","10.0254","10.0283","10.0372","10.0196","","0.01%"
"04/09/2024","10.0245","10.0210","10.0423","10.0085","","0.06%"
"04/08/2024","10.0187","10.0540","10.0761","10.0134","","-0.38%"
"04/05/2024","10.0565","10.0727","10.0896","10.0501","","-0.12%"
"04/04/2024","10.0690","10.0642","10.0777","10.0335","","0.08%"
"04/03/2024","10.0607","10.0732","10.1035","10.0510","","-0.10%"
"04/02/2024","10.0707","10.1130","10.1293","10.0669","","-0.39%"
"04/01/2024","10.1105","10.0916","10.1224","10.0805","","0.29%"
"03/29/2024","10.0817","10.1198","10.1420","10.0717","","-0.35%"
"03/28/2024","10.1170","10.1404","10.1733","10.1085","","-0.21%"
"03/27/2024","10.1380","10.1195","10.1851","10.1130","","0.22%"
"03/26/2024","10.1160","10.0968","10.1291","10.0679","","0.26%"
"03/25/2024","10.0902","10.0965","10.1036","10.0736","","-0.04%"
"03/22/2024","10.0940","10.0447","10.0998","10.0430","","0.43%"
"03/21/2024","10.0504","10.0130","10.0631","10.0020","","0.39%"
"03/20/2024","10.0112","10.0454","10.0744","10.0122","","-0.19%"
"03/19/2024","10.0301","10.0463","10.0793","10.0349","","-0.20%"
"03/18/2024","10.0498","10.0473","10.0639","10.0295","","0.05%"
"03/15/2024","10.0448","10.0568","10.0721","10.0393","","-0.11%"
"03/14/2024","10.0554","10.0198","10.0705","9.9997","","0.38%"
"03/13/2024","10.0172","10.0380","10.0501","10.0075","","-0.18%"
"03/12/2024","10.0353","10.0440","10.0601","10.0174","","0.03%"
"03/11/2024","10.0327","10.0375","10.0623","10.0150","","-0.03%"
"03/08/2024","10.0360","10.0111","10.0630","9.9877","","0.27%"
"03/07/2024","10.0089","10.0122","10.0490","9.9959","","0.00%"
"03/06/2024","10.0090","10.0337","10.0523","9.9970","","-0.16%"
"03/05/2024","10.0251","10.0436","10.0592","10.0240","","-0.16%"
"03/04/2024","10.0410","10.0793","10.0793","10.0323","","-0.36%"
"03/01/2024","10.0775","10.0817","10.1067","10.0707","","0.01%"
"02/29/2024","10.0764","10.0965","10.1140","10.0625","","-0.28%"
"02/28/2024","10.1050","10.0715","10.1410","10.0695","","0.36%"
"02/27/2024","10.0690","10.0525","10.0835","10.0372","","0.20%"
"02/26/2024","10.0494","10.0563","10.0693","10.0387","","-0.04%"
"02/23/2024","10.0532","10.0485","10.0640","10.0295","","0.07%"
"02/22/2024","10.0460","10.0755","10.0819","10.0296","","-0.27%"
"02/21/2024","10.0728","10.0786","10.0930","10.0663","","-0.04%"
"02/20/2024","10.0771","10.0819","10.1004","10.0540","","-0.11%"
"02/19/2024","10.0879","10.0560","10.0951","10.0495","","0.27%"
"02/16/2024","10.0608","10.0555","10.0927","10.0520","","0.08%"
"02/15/2024","10.0530","10.0768","10.0878","10.0430","","-0.21%"
"02/14/2024","10.0740","10.0687","10.1014","10.0648","","0.09%"
"02/13/2024","10.0650","10.0382","10.0850","10.0187","","0.30%"
"02/12/2024","10.0345","10.0290","10.0549","10.0215","","0.03%"
"02/09/2024","10.0310","10.0449","10.0562","10.0232","","-0.12%"
"02/08/2024","10.0434","10.0579","10.0762","10.0367","","-0.11%"
"02/07/2024","10.0544","10.0695","10.0784","10.0487","","-0.15%"
"02/06/2024","10.0699","10.0829","10.1005","10.0515","","-0.09%"
"02/05/2024","10.0793","10.0455","10.0893","10.0328","","0.36%"
"02/02/2024","10.0429","10.0067","10.0513","9.9844","","0.41%"
"02/01/2024","10.0017","10.0007","10.0515","9.9871","","0.04%"
"01/31/2024","9.9982","10.0095","10.0476","9.9811","","-0.07%"
"01/30/2024","10.0048","10.0328","10.0351","9.9971","","-0.16%"
"01/29/2024","10.0213","9.9740","10.0392","9.9715","","0.48%"
"01/26/2024","9.9730","9.9832","10.0037","9.9589","","-0.09%"
"01/25/2024","9.9818","9.9601","9.9919","9.9382","","0.30%"
"01/24/2024","9.9521","9.9754","9.9830","9.9337","","-0.21%"
"01/23/2024","9.9730","9.9426","9.9962","9.9208","","0.38%"
"01/22/2024","9.9348","9.9594","9.9602","9.9264","","-0.22%"
"01/19/2024","9.9568","10.0005","10.0011","9.9469","","-0.40%"
"01/18/2024","9.9972","9.9857","10.0078","9.9642","","0.12%"
"01/17/2024","9.9856","9.9768","10.0132","9.9717","","0.07%"
"01/16/2024","9.9784","9.9542","9.9936","9.9471","","0.31%"
"01/15/2024","9.9475","9.9485","9.9734","9.9368","","-0.03%"
"01/12/2024","9.9502","9.9380","9.9812","9.9289","","0.15%"
"01/11/2024","9.9355","9.9587","9.9698","9.9274","","-0.20%"
"01/10/2024","9.9557","9.9684","9.9808","9.9375","","-0.07%"
"01/09/2024","9.9625","9.9391","9.9822","9.9290","","0.23%"
"01/08/2024","9.9400","9.9445","9.9714","9.9235","","-0.04%"
"01/05/2024","9.9444","9.9003","9.9880","9.8895","","0.49%"
"01/04/2024","9.8960","9.9235","9.9390","9.8693","","-0.25%"
"01/03/2024","9.9210","9.9355","9.9496","9.9004","","-0.05%"
"01/02/2024","9.9263","9.8805","9.9534","9.8758","","0.49%"
"01/01/2024","9.8780","9.8830","9.8850","9.8760","","0.14%"
"12/29/2023","9.8637","9.8886","9.9188","9.8509","","-0.23%"
"12/28/2023","9.8860","9.7995","9.9075","9.7819","","0.91%"
"12/27/2023","9.7970","9.9133","9.9234","9.7855","","-1.15%"
"12/26/2023","9.9108","9.9128","9.9324","9.9011","","0.02%"
"12/25/2023","9.9092","9.9195","9.9357","9.9065","","-0.07%"
"12/22/2023","9.9165","9.9635","9.9664","9.8973","","-0.41%"
"12/21/2023","9.9571","10.0443","10.0471","9.9434","","-0.84%"
"12/20/2023","10.0415","10.0568","10.0758","10.0132","","-0.14%"
"12/19/2023","10.0554","10.1065","10.1159","10.0510","","-0.45%"
"12/18/2023","10.1010","10.1335","10.1350","10.0971","","-0.16%"
"12/15/2023","10.1171","10.0965","10.1378","10.0761","","0.29%"
"12/14/2023","10.0880","10.1405","10.1554","10.0765","","-0.50%"
"12/13/2023","10.1384","10.1645","10.2004","10.1285","","-0.28%"
"12/12/2023","10.1664","10.1661","10.1791","10.1398","","0.02%"
"12/11/2023","10.1641","10.1635","10.1804","10.1376","","0.12%"
"12/08/2023","10.1515","10.1119","10.1835","10.0970","","0.41%"
"12/07/2023","10.1104","10.1110","10.1292","10.0882","","0.00%"
"12/06/2023","10.1105","10.0969","10.1293","10.0906","","0.17%"
"12/05/2023","10.0930","10.1005","10.1252","10.0817","","-0.05%"
"12/04/2023","10.0980","10.0889","10.1216","10.0664","","0.12%"
"12/01/2023","10.0858","10.0826","10.1044","10.0678","","0.07%"
"11/30/2023","10.0791","10.0405","10.0988","10.0306","","0.42%"
"11/29/2023","10.0372","10.0436","10.0546","10.0204","","-0.05%"
"11/28/2023","10.0422","10.0876","10.0910","10.0289","","-0.29%"
"11/27/2023","10.0710","10.0920","10.0962","10.0503","","-0.18%"
"11/24/2023","10.0895","10.1085","10.1201","10.0780","","-0.13%"
"11/23/2023","10.1030","10.1367","10.1392","10.0821","","-0.26%"
"11/22/2023","10.1295","10.1090","10.1544","10.0983","","0.23%"
"11/21/2023","10.1065","10.1333","10.1347","10.0843","","-0.16%"
"11/20/2023","10.1224","10.1545","10.1573","10.1150","","-0.29%"
"11/17/2023","10.1520","10.1585","10.1906","10.1431","","-0.04%"
"11/16/2023","10.1556","10.1550","10.1723","10.1331","","0.01%"
"11/15/2023","10.1543","10.1216","10.1672","10.1195","","0.23%"
"11/14/2023","10.1313","10.2069","10.2250","10.1185","","-0.74%"
"11/13/2023","10.2064","10.2140","10.2341","10.1980","","-0.05%"
"11/10/2023","10.2110","10.2280","10.2510","10.2043","","-0.10%"
"11/09/2023","10.2208","10.1902","10.2345","10.1795","","0.34%"
"11/08/2023","10.1866","10.2220","10.2347","10.1814","","-0.32%"
"11/07/2023","10.2196","10.2139","10.2402","10.2069","","0.14%"
"11/06/2023","10.2050","10.2175","10.2200","10.2105","","-0.05%"
"11/03/2023","10.2101","10.2579","10.2831","10.2066","","-0.43%"
"11/02/2023","10.2543","10.2925","10.3097","10.2295","","-0.49%"
"11/01/2023","10.3053","10.3020","10.3333","10.2890","","0.06%"
"10/31/2023","10.2990","10.2775","10.3172","10.2407","","0.23%"
"10/30/2023","10.2750","10.2724","10.3258","10.2670","","-0.07%"
"10/27/2023","10.2820","10.2797","10.3056","10.2624","","0.04%"
"10/26/2023","10.2780","10.2627","10.3089","10.2476","","0.19%"
"10/25/2023","10.2590","10.3005","10.3120","10.2439","","-0.36%"
"10/24/2023","10.2962","10.3088","10.3137","10.2549","","-0.11%"
"10/23/2023","10.3074","10.3270","10.3498","10.2905","","-0.17%"
"10/20/2023","10.3245","10.3035","10.3515","10.2928","","0.23%"
"10/19/2023","10.3010","10.3005","10.3358","10.2765","","0.03%"
"10/18/2023","10.2980","10.2465","10.3130","10.2330","","0.58%"
"10/17/2023","10.2390","10.2575","10.2829","10.2291","","-0.15%"
"10/16/2023","10.2540","10.2665","10.2771","10.2265","","-0.10%"
"10/13/2023","10.2640","10.2448","10.2821","10.2265","","0.20%"
"10/12/2023","10.2434","10.2387","10.2660","10.1958","","0.08%"
"10/11/2023","10.2352","10.2560","10.2638","10.2110","","-0.17%"
"10/10/2023","10.2527","10.2825","10.2965","10.2448","","-0.36%"
"10/09/2023","10.2894","10.2625","10.3198","10.2625","","0.24%"
"10/06/2023","10.2647","10.2895","10.3270","10.2533","","-0.22%"
"10/05/2023","10.2875","10.3101","10.3238","10.2830","","-0.19%"
"10/04/2023","10.3075","10.3331","10.3491","10.2855","","-0.23%"
"10/03/2023","10.3312","10.3385","10.3525","10.3115","","-0.05%"
"10/02/2023","10.3360","10.2860","10.3420","10.2740","","0.51%"
"09/29/2023","10.2835","10.3190","10.3225","10.2592","","-0.32%"
"09/28/2023","10.3163","10.3180","10.3337","10.3050","","-0.07%"
"09/27/2023","10.3240","10.2750","10.3357","10.2719","","0.51%"
"09/26/2023","10.2714","10.2719","10.2895","10.2513","","0.04%"
"09/25/2023","10.2677","10.2625","10.2825","10.2255","","0.08%"
"09/22/2023","10.2600","10.2817","10.3100","10.2426","","-0.19%"
"09/21/2023","10.2800","10.2663","10.3016","10.2449","","0.10%"
"09/20/2023","10.2695","10.2626","10.2780","10.2201","","0.01%"
"09/19/2023","10.2684","10.2718","10.2892","10.2391","","0.00%"
"09/18/2023","10.2680","10.2685","10.3286","10.2611","","-0.04%"
"09/15/2023","10.2721","10.2679","10.2884","10.2360","","0.15%"
"09/14/2023","10.2567","10.1635","10.2749","10.1525","","0.94%"
"09/13/2023","10.1610","10.1388","10.1797","10.1087","","0.19%"
"09/12/2023","10.1416","10.1345","10.1608","10.1235","","0.09%"
"09/11/2023","10.1320","10.1605","10.1657","10.1146","","-0.26%"
"09/08/2023","10.1580","10.1681","10.1778","10.1267","","0.04%"
"09/07/2023","10.1541","10.1932","10.2008","10.1531","","-0.36%"
"09/06/2023","10.1907","10.1868","10.1980","10.1688","","0.06%"
"09/05/2023","10.1843","10.1950","10.2150","10.1521","","0.28%"
"09/04/2023","10.1560","10.2060","10.2085","10.1540","","-0.47%"
"09/01/2023","10.2035","10.1667","10.2090","10.1421","","0.43%"
"08/31/2023","10.1603","10.1305","10.1720","10.1213","","0.31%"
"08/30/2023","10.1285","10.1240","10.1369","10.0798","","0.09%"
"08/29/2023","10.1189","10.1365","10.1575","10.1067","","-0.15%"
"08/28/2023","10.1340","10.1080","10.1484","10.0953","","0.28%"
"08/25/2023","10.1055","10.0439","10.1411","10.0361","","0.54%"
"08/24/2023","10.0510","10.0176","10.0678","10.0041","","0.34%"
"08/23/2023","10.0168","10.0025","10.0682","9.9825","","0.24%"
"08/22/2023","9.9929","9.9735","10.0122","9.9208","","0.22%"
"08/21/2023","9.9710","9.9855","9.9881","9.9675","","-0.14%"
"08/18/2023","9.9845","9.9279","10.0034","9.9184","","0.56%"
"08/17/2023","9.9285","9.9010","9.9474","9.8852","","0.29%"
"08/16/2023","9.8996","9.8875","9.9205","9.8484","","0.16%"
"08/15/2023","9.8840","9.8710","9.9123","9.8374","","0.22%"
"08/14/2023","9.8626","9.8710","9.8734","9.8687","","-0.06%"
"08/11/2023","9.8685","9.8016","9.9060","9.7872","","0.64%"
"08/10/2023","9.8060","9.7785","9.8166","9.7499","","0.35%"
"08/09/2023","9.7720","9.7475","9.8001","9.7309","","0.28%"
"08/08/2023","9.7450","9.7435","9.7900","9.7293","","0.03%"
"08/07/2023","9.7420","9.7771","9.7879","9.7351","","-0.33%"
"08/04/2023","9.7745","9.8210","9.8305","9.7484","","-0.45%"
"08/03/2023","9.8189","9.8431","9.8593","9.8112","","-0.22%"
"08/02/2023","9.8406","9.8588","9.8652","9.8155","","-0.11%"
"08/01/2023","9.8510","9.8515","9.8891","9.8396","","0.05%"
"07/31/2023","9.8457","9.7725","9.8567","9.7668","","0.81%"
"07/28/2023","9.7669","9.7453","9.7797","9.7295","","0.21%"
"07/27/2023","9.7460","9.6805","9.7587","9.6388","","0.70%"
"07/26/2023","9.6780","9.7155","9.7357","9.6626","","-0.42%"
"07/25/2023","9.7187","9.7687","9.7709","9.7144","","-0.42%"
"07/24/2023","9.7597","9.7566","9.7850","9.7311","","0.07%"
"07/21/2023","9.7531","9.7612","9.7725","9.7337","","-0.05%"
"07/20/2023","9.7577","9.7541","9.7774","9.7085","","0.06%"
"07/19/2023","9.7515","9.7352","9.7669","9.7243","","0.15%"
"07/18/2023","9.7370","9.7331","9.7551","9.7085","","0.07%"
"07/17/2023","9.7300","9.6805","9.7493","9.6724","","0.42%"
"07/14/2023","9.6892","9.6991","9.7143","9.6610","","-0.09%"
"07/13/2023","9.6976","9.7432","9.7462","9.6845","","-0.43%"
"07/12/2023","9.7396","9.7965","9.8177","9.7310","","-0.66%"
"07/11/2023","9.8043","9.7873","9.8243","9.7596","","0.20%"
"07/10/2023","9.7848","9.7816","9.8094","9.7585","","0.07%"
"07/07/2023","9.7780","9.7769","9.8263","9.7645","","0.04%"
"07/06/2023","9.7742","9.7622","9.8109","9.7294","","0.17%"
"07/05/2023","9.7580","9.7644","9.7721","9.7275","","0.09%"
"07/04/2023","9.7494","9.8115","9.8296","9.7425","","-0.59%"
"07/03/2023","9.8068","9.8985","9.9193","9.7991","","-0.92%"
"06/30/2023","9.8978","9.8930","9.9148","9.8850","","0.08%"
"06/29/2023","9.8895","9.8946","9.9283","9.8806","","-0.07%"
"06/28/2023","9.8966","9.8945","9.9097","9.8479","","0.04%"
"06/27/2023","9.8931","9.9423","9.9584","9.8795","","-0.49%"
"06/26/2023","9.9420","9.9784","9.9945","9.9222","","-0.34%"
"06/23/2023","9.9759","9.9695","10.0337","9.9649","","0.09%"
"06/22/2023","9.9670","9.9615","9.9792","9.9360","","0.08%"
"06/21/2023","9.9590","9.9868","10.0063","9.9504","","-0.26%"
"06/20/2023","9.9854","9.9838","10.0014","9.9696","","-0.03%"
"06/19/2023","9.9885","10.0035","10.0279","9.9790","","-0.13%"
"06/16/2023","10.0012","9.9951","10.0317","9.9728","","0.03%"
"06/15/2023","9.9979","10.0750","10.0955","9.9857","","-0.74%"
"06/14/2023","10.0726","10.1005","10.1187","10.0495","","-0.17%"
"06/13/2023","10.0897","10.1515","10.1520","10.0740","","-0.57%"
"06/12/2023","10.1474","10.1290","10.1545","10.1049","","0.28%"
"06/09/2023","10.1192","10.1160","10.1404","10.0874","","0.07%"
"06/08/2023","10.1125","10.1675","10.1794","10.1067","","-0.54%"
"06/07/2023","10.1670","10.2010","10.2274","10.1295","","-0.31%"
"06/06/2023","10.1985","10.2030","10.2292","10.1862","","-0.02%"
"06/05/2023","10.2007","10.1880","10.2306","10.1860","","0.08%"
"06/02/2023","10.1930","10.1515","10.2084","10.1326","","0.43%"
"06/01/2023","10.1490","10.1765","10.2267","10.1422","","-0.25%"
"05/31/2023","10.1740","10.1635","10.2109","10.1574","","0.06%"
"05/30/2023","10.1682","10.1931","10.2210","10.1330","","-0.30%"
"05/29/2023","10.1985","10.2280","10.2320","10.1817","","-0.24%"
"05/26/2023","10.2230","10.2065","10.2400","10.1788","","0.19%"
"05/25/2023","10.2040","10.2300","10.2598","10.1952","","-0.22%"
"05/24/2023","10.2264","10.1895","10.2343","10.1790","","0.39%"
"05/23/2023","10.1870","10.2039","10.2201","10.1777","","-0.13%"
"05/22/2023","10.2004","10.2075","10.2172","10.1727","","-0.05%"
"05/19/2023","10.2059","10.1985","10.2358","10.1758","","0.09%"
"05/18/2023","10.1965","10.1209","10.2089","10.1138","","0.79%"
"05/17/2023","10.1170","10.1435","10.1608","10.1135","","-0.24%"
"05/16/2023","10.1410","10.1104","10.1565","10.0993","","0.32%"
"05/15/2023","10.1090","10.1025","10.1259","10.0775","","0.08%"
"05/12/2023","10.1006","10.0625","10.1062","10.0505","","0.38%"
"05/11/2023","10.0624","10.0098","10.0776","9.9972","","0.50%"
"05/10/2023","10.0121","10.0120","10.0413","9.9927","","0.03%"
"05/09/2023","10.0095","9.9954","10.0309","9.9930","","0.16%"
"05/08/2023","9.9939","9.9921","10.0113","9.9644","","0.06%"
"05/05/2023","9.9883","10.0055","10.0193","9.9662","","-0.14%"
"05/04/2023","10.0021","9.9974","10.0324","9.9723","","0.07%"
"05/03/2023","9.9951","10.0502","10.0533","9.9755","","-0.52%"
"05/02/2023","10.0470","10.0598","10.0930","10.0420","","0.03%"
"05/01/2023","10.0440","10.0590","10.0680","10.0500","","-0.13%"
"04/28/2023","10.0567","10.0604","10.0950","10.0436","","-0.01%"
"04/27/2023","10.0578","10.0605","10.0803","10.0261","","0.00%"
"04/26/2023","10.0580","10.1307","10.1390","10.0226","","-0.71%"
"04/25/2023","10.1297","10.1280","10.1410","10.0841","","0.14%"
"04/24/2023","10.1160","10.1230","10.1280","10.1180","","-0.05%"
"04/21/2023","10.1206","10.1244","10.1517","10.1120","","-0.05%"
"04/20/2023","10.1255","10.1480","10.1544","10.1142","","-0.17%"
"04/19/2023","10.1425","10.1595","10.1757","10.1307","","-0.23%"
"04/18/2023","10.1657","10.1779","10.1806","10.1358","","-0.11%"
"04/17/2023","10.1765","10.1305","10.1894","10.1183","","0.48%"
"04/14/2023","10.1281","10.1178","10.1457","10.0851","","0.10%"
"04/13/2023","10.1180","10.1514","10.1592","10.0999","","-0.30%"
"04/12/2023","10.1480","10.1819","10.1906","10.1336","","-0.15%"
"04/11/2023","10.1635","10.1984","10.2040","10.1575","","-0.33%"
"04/10/2023","10.1969","10.1930","10.2193","10.1648","","0.12%"
"04/07/2023","10.1845","10.1757","10.2102","10.1712","","0.10%"
"04/06/2023","10.1744","10.2105","10.2297","10.1671","","-0.35%"
"04/05/2023","10.2100","10.1887","10.2258","10.1723","","0.24%"
"04/04/2023","10.1859","10.2130","10.2387","10.1754","","-0.30%"
"04/03/2023","10.2162","10.2415","10.2710","10.1983","","-0.21%"
"03/31/2023","10.2379","10.2079","10.2469","10.1890","","0.33%"
"03/30/2023","10.2045","10.2310","10.2420","10.1773","","-0.16%"
"03/29/2023","10.2206","10.2434","10.2588","10.2144","","-0.18%"
"03/28/2023","10.2389","10.2507","10.2648","10.2282","","-0.16%"
"03/27/2023","10.2558","10.2775","10.3025","10.2476","","-0.26%"
"03/24/2023","10.2825","10.2550","10.3095","10.2472","","0.29%"
"03/23/2023","10.2524","10.2470","10.2615","10.2044","","0.07%"
"03/22/2023","10.2448","10.3044","10.3092","10.2147","","-0.45%"
"03/21/2023","10.2915","10.3375","10.3525","10.2823","","-0.43%"
"03/20/2023","10.3355","10.3794","10.3959","10.3322","","-0.33%"
"03/17/2023","10.3698","10.4019","10.4091","10.3590","","-0.28%"
"03/16/2023","10.3987","10.4549","10.4549","10.3804","","-0.51%"
"03/15/2023","10.4524","10.3619","10.4705","10.3237","","1.00%"
"03/14/2023","10.3486","10.3777","10.4105","10.3418","","-0.25%"
"03/13/2023","10.3750","10.4130","10.4228","10.3620","","-0.45%"
"03/10/2023","10.4215","10.4463","10.4656","10.3785","","-0.24%"
"03/09/2023","10.4465","10.4477","10.4791","10.4234","","0.02%"
"03/08/2023","10.4440","10.4330","10.4549","10.4174","","0.13%"
"03/07/2023","10.4305","10.3650","10.4358","10.3439","","0.71%"
"03/06/2023","10.3571","10.3745","10.4030","10.3494","","-0.19%"
"03/03/2023","10.3764","10.3937","10.4080","10.3602","","-0.14%"
"03/02/2023","10.3906","10.3656","10.4102","10.3570","","0.26%"
"03/01/2023","10.3640","10.4124","10.4227","10.3417","","-0.43%"
"02/28/2023","10.4089","10.3877","10.4276","10.3681","","0.28%"
"02/27/2023","10.3803","10.4335","10.4490","10.3696","","-0.49%"
"02/24/2023","10.4315","10.4070","10.4441","10.3939","","0.25%"
"02/23/2023","10.4055","10.4005","10.4239","10.3676","","0.05%"
"02/22/2023","10.4003","10.3848","10.4127","10.3640","","0.19%"
"02/21/2023","10.3808","10.3461","10.3927","10.3380","","0.35%"
"02/20/2023","10.3442","10.3210","10.3618","10.3155","","0.25%"
"02/17/2023","10.3183","10.3298","10.3862","10.3182","","-0.10%"
"02/16/2023","10.3283","10.3070","10.3458","10.2883","","0.19%"
"02/15/2023","10.3084","10.2987","10.3306","10.2739","","0.12%"
"02/14/2023","10.2957","10.2598","10.3190","10.2381","","0.35%"
"02/13/2023","10.2597","10.2650","10.3060","10.2479","","-0.06%"
"02/10/2023","10.2657","10.2400","10.2770","10.2214","","0.26%"
"02/09/2023","10.2386","10.2550","10.2668","10.2035","","-0.11%"
"02/08/2023","10.2500","10.2604","10.2819","10.2265","","-0.15%"
"02/07/2023","10.2650","10.2768","10.3015","10.2353","","-0.08%"
"02/06/2023","10.2736","10.2375","10.2893","10.2108","","0.38%"
"02/03/2023","10.2349","10.1696","10.2405","10.1520","","0.65%"
"02/02/2023","10.1688","10.1195","10.1983","10.0949","","0.51%"
"02/01/2023","10.1170","10.2121","10.2216","10.1128","","-0.87%"
"01/31/2023","10.2054","10.1835","10.2406","10.1752","","0.26%"
"01/30/2023","10.1790","10.1753","10.1965","10.1570","","0.03%"
"01/27/2023","10.1761","10.1318","10.2020","10.1193","","0.39%"
"01/26/2023","10.1363","10.1173","10.1580","10.0910","","0.20%"
"01/25/2023","10.1159","10.1291","10.1530","10.0899","240.44K","-0.11%"
"01/24/2023","10.1267","10.1983","10.2027","10.1231","198.72K","-0.70%"
"01/23/2023","10.1980","10.2040","10.2217","10.1590","170.33K","-0.03%"
"01/20/2023","10.2006","10.1656","10.2370","10.1563","91.58K","0.35%"
"01/19/2023","10.1648","10.1830","10.2005","10.1510","76.15K","-0.15%"
"01/18/2023","10.1805","10.1864","10.1962","10.1308","135.75K","0.07%"
"01/17/2023","10.1737","10.1390","10.1951","10.1256","147.64K","0.37%"
"01/16/2023","10.1365","10.0845","10.1623","10.0779","100.51K","0.54%"
"01/13/2023","10.0817","10.1153","10.1318","10.0518","129.23K","-0.23%"
"01/12/2023","10.1052","10.2069","10.2140","10.0958","205.97K","-0.99%"
"01/11/2023","10.2061","10.2205","10.2264","10.1925","102.22K","-0.13%"
"01/10/2023","10.2197","10.2231","10.2478","10.2014","168.12K","-0.10%"
"01/09/2023","10.2297","10.3285","10.3349","10.2107","103.65K","-0.93%"
"01/06/2023","10.3259","10.4264","10.4384","10.3174","151.88K","-0.93%"
"01/05/2023","10.4224","10.4528","10.4544","10.3737","119.59K","-0.25%"
"01/04/2023","10.4485","10.5069","10.5145","10.4263","127.09K","-0.57%"
"01/03/2023","10.5080","10.4620","10.5519","10.4380","132.49K","0.58%"
"01/02/2023","10.4475","10.4455","10.4703","10.4385","78.05K","0.17%"
"12/30/2022","10.4300","10.4654","10.4811","10.4277","90.06K","-0.31%"
"12/29/2022","10.4623","10.4846","10.5013","10.4478","109.98K","-0.18%"
"12/28/2022","10.4809","10.4584","10.4895","10.4385","110.82K","0.23%"
"12/27/2022","10.4570","10.5006","10.5027","10.4395","95.62K","-0.39%"
"12/26/2022","10.4981","10.5021","10.5055","10.4915","51.60K","-0.02%"
"12/23/2022","10.4998","10.5122","10.5201","10.4844","75.61K","-0.09%"
"12/22/2022","10.5092","10.5185","10.5279","10.4698","82.21K","-0.07%"
"12/21/2022","10.5162","10.4885","10.5313","10.4844","117.31K","0.29%"
"12/20/2022","10.4863","10.5005","10.5212","10.4720","178.14K","-0.10%"
"12/19/2022","10.4970","10.5000","10.5198","10.4768","158.76K","-0.15%"
"12/16/2022","10.5131","10.4688","10.5156","10.4452","227.67K","0.46%"
"12/15/2022","10.4650","10.4412","10.4926","10.4015","229.06K","0.24%"
"12/14/2022","10.4397","10.4868","10.5053","10.4319","194.18K","-0.52%"
"12/13/2022","10.4940","10.5411","10.5560","10.4623","208.12K","-0.49%"
"12/12/2022","10.5455","10.5495","10.5658","10.5133","167.13K","-0.03%"
"12/09/2022","10.5486","10.5422","10.5810","10.5208","188.72K","0.07%"
"12/08/2022","10.5410","10.5743","10.5858","10.5356","230.64K","-0.19%"
"12/07/2022","10.5609","10.5857","10.6017","10.5478","207.68K","-0.21%"
"12/06/2022","10.5826","10.5824","10.5925","10.5451","122.46K","0.03%"
"12/05/2022","10.5799","10.5560","10.5890","10.5126","45.26K","0.25%"
"12/02/2022","10.5540","10.5824","10.6243","10.5501","154.40K","-0.25%"
"12/01/2022","10.5809","10.6725","10.6836","10.5747","139.33K","-0.83%"
"11/30/2022","10.6693","10.7284","10.7346","10.6557","81.95K","-0.45%"
"11/29/2022","10.7179","10.6538","10.7363","10.6524","183.85K","0.61%"
"11/28/2022","10.6528","10.6914","10.7042","10.6203","134.66K","-0.31%"
"11/25/2022","10.6864","10.6795","10.7114","10.6596","145.30K","0.10%"
"11/24/2022","10.6761","10.6871","10.6965","10.6510","167.02K","-0.08%"
"11/23/2022","10.6849","10.7437","10.7512","10.6803","183.28K","-0.55%"
"11/22/2022","10.7435","10.7795","10.7843","10.7367","138.93K","-0.31%"
"11/21/2022","10.7770","10.7201","10.7928","10.7201","116.75K","0.54%"
"11/18/2022","10.7191","10.7079","10.7220","10.6838","77.56K","0.13%"
"11/17/2022","10.7057","10.6887","10.7377","10.6771","218.47K","0.20%"
"11/16/2022","10.6845","10.7095","10.7227","10.6585","216.51K","-0.21%"
"11/15/2022","10.7070","10.7245","10.7558","10.6291","298.93K","-0.13%"
"11/14/2022","10.7211","10.7137","10.7563","10.6825","212.35K","0.21%"
"11/11/2022","10.6985","10.8090","10.8236","10.7005","200.12K","-1.00%"
"11/10/2022","10.8066","10.9071","10.9628","10.7992","231.22K","-0.86%"
"11/09/2022","10.9006","10.8759","10.9203","10.8546","189.20K","0.25%"
"11/08/2022","10.8734","10.9060","10.9322","10.8591","164.15K","-0.23%"
"11/07/2022","10.8989","10.9305","10.9565","10.8910","138.04K","-0.28%"
"11/04/2022","10.9297","11.0375","11.0567","10.9159","202.64K","-1.02%"
"11/03/2022","11.0420","10.9931","11.0536","10.9771","223.68K","0.44%"
"11/02/2022","10.9935","10.9535","11.0022","10.8909","236.63K","0.37%"
"11/01/2022","10.9527","10.9559","10.9737","10.9025","291.45K","0.00%"
"10/31/2022","10.9524","10.9047","10.9669","10.8972","214.71K","0.51%"
"10/28/2022","10.8969","10.8800","10.9251","10.8483","176.49K","0.19%"
"10/27/2022","10.8757","10.8258","10.8850","10.7999","246.02K","0.52%"
"10/26/2022","10.8197","10.8978","10.9215","10.8139","226.69K","-0.72%"
"10/25/2022","10.8977","10.9416","10.9808","10.8890","219.08K","-0.36%"
"10/24/2022","10.9366","10.9495","10.9817","10.9255","155.37K","-0.15%"
"10/21/2022","10.9534","11.0062","11.0580","10.9433","216.09K","-0.44%"
"10/20/2022","11.0019","11.0210","11.0396","10.9645","210.52K","-0.15%"
"10/19/2022","11.0189","10.9746","11.0447","10.9498","180.81K","0.42%"
"10/18/2022","10.9731","10.9727","11.0183","10.9515","237.96K","0.02%"
"10/17/2022","10.9714","11.0300","11.0524","10.9658","161.09K","-0.51%"
"10/14/2022","11.0275","10.9926","11.0444","10.9721","153.19K","0.34%"
"10/13/2022","10.9904","11.0260","11.0867","10.9736","154.21K","-0.32%"
"10/12/2022","11.0259","10.9854","11.0571","10.9688","233.43K","0.31%"
"10/11/2022","10.9922","11.0175","11.0360","10.9429","136.50K","-0.19%"
"10/10/2022","11.0135","10.9945","11.0295","10.9835","5.19K","0.29%"
"10/07/2022","10.9818","10.9660","10.9989","10.9416","173.35K","0.17%"
"10/06/2022","10.9630","10.9167","10.9743","10.8693","126.90K","0.45%"
"10/05/2022","10.9140","10.8727","10.9484","10.8548","207.69K","0.49%"
"10/04/2022","10.8608","10.9681","10.9839","10.8524","258.53K","-0.97%"
"10/03/2022","10.9668","10.9535","11.0342","10.9387","164.72K","0.14%"
"09/30/2022","10.9514","10.9915","11.0149","10.9278","167.24K","-0.35%"
"09/29/2022","10.9902","11.0488","11.1080","10.9810","203.62K","-0.52%"
"09/28/2022","11.0474","11.0406","11.1231","11.0339","204.60K","0.08%"
"09/27/2022","11.0389","10.9632","11.0659","10.9093","212.51K","0.72%"
"09/26/2022","10.9602","10.8602","10.9794","10.8150","139.06K","0.92%"
"09/23/2022","10.8600","10.7787","10.8957","10.7608","184.08K","0.76%"
"09/22/2022","10.7777","10.7835","10.8060","10.6806","189.60K","-0.02%"
"09/21/2022","10.7800","10.6615","10.7965","10.6549","178.90K","1.18%"
"09/20/2022","10.6538","10.6219","10.6704","10.5855","171.32K","0.33%"
"09/19/2022","10.6189","10.7660","10.7965","10.6168","92.38K","-1.33%"
"09/16/2022","10.7621","10.7872","10.8335","10.7501","170.69K","-0.20%"
"09/15/2022","10.7838","10.7781","10.8060","10.7725","178.06K","0.05%"
"09/14/2022","10.7789","10.7999","10.8094","10.7249","209.45K","-0.18%"
"09/13/2022","10.7980","10.6910","10.8027","10.6468","206.74K","1.01%"
"09/12/2022","10.6899","10.7560","10.7598","10.6558","125.34K","-0.59%"
"09/09/2022","10.7533","10.7077","10.7642","10.6219","185.56K","0.34%"
"09/08/2022","10.7172","10.5937","10.7503","10.5873","223.59K","1.15%"
"09/07/2022","10.5952","10.6550","10.6733","10.5871","166.66K","-0.56%"
"09/06/2022","10.6549","10.6325","10.6813","10.5915","144.82K","0.22%"
"09/05/2022","10.6312","10.6103","10.6522","10.6103","98.43K","0.45%"
"09/02/2022","10.5835","10.6155","10.6195","10.5554","132.43K","-0.28%"
"09/01/2022","10.6127","10.5574","10.6381","10.5491","182.94K","0.53%"
"08/31/2022","10.5569","10.5584","10.5970","10.5344","146.14K","0.01%"
"08/30/2022","10.5555","10.5668","10.5787","10.5197","131.38K","-0.09%"
"08/29/2022","10.5655","10.5865","10.6140","10.5334","102.17K","-0.19%"
"08/26/2022","10.5860","10.5466","10.5922","10.4944","187.05K","0.38%"
"08/25/2022","10.5462","10.5462","10.5792","10.4900","236.54K","0.01%"
"08/24/2022","10.5456","10.5166","10.5831","10.5150","213.28K","0.20%"
"08/23/2022","10.5245","10.5220","10.5730","10.4924","212.12K","0.03%"
"08/22/2022","10.5212","10.3995","10.5331","10.3980","104.17K","1.12%"
"08/19/2022","10.4047","10.3621","10.4110","10.3362","212.49K","0.45%"
"08/18/2022","10.3577","10.4030","10.4268","10.3285","196.19K","-0.43%"
"08/17/2022","10.4028","10.4262","10.4516","10.3883","174.29K","-0.21%"
"08/16/2022","10.4252","10.4712","10.4979","10.4136","165.85K","-0.43%"
"08/15/2022","10.4707","10.3335","10.4824","10.3242","147.33K","1.35%"
"08/12/2022","10.3312","10.2621","10.3520","10.2431","187.07K","0.77%"
"08/11/2022","10.2520","10.2320","10.2719","10.2197","168.93K","0.11%"
"08/10/2022","10.2404","10.2657","10.2875","10.2003","185.97K","-0.24%"
"08/09/2022","10.2652","10.2790","10.2853","10.2330","128.09K","-0.13%"
"08/08/2022","10.2783","10.3322","10.3393","10.2638","99.59K","-0.51%"
"08/05/2022","10.3310","10.2823","10.3630","10.2753","129.21K","0.48%"
"08/04/2022","10.2818","10.3145","10.3333","10.2737","150.02K","-0.32%"
"08/03/2022","10.3145","10.3161","10.3519","10.2714","198.50K","0.00%"
"08/02/2022","10.3147","10.2910","10.3459","10.2694","215.53K","0.25%"
"08/01/2022","10.2887","10.2934","10.3076","10.2370","150.34K","-0.02%"
"07/29/2022","10.2903","10.2957","10.3425","10.2568","178.64K","-0.04%"
"07/28/2022","10.2942","10.2635","10.3580","10.2297","182.16K","0.42%"
"07/27/2022","10.2511","10.2832","10.3168","10.2381","202.47K","-0.27%"
"07/26/2022","10.2791","10.2245","10.3022","10.2055","210.23K","0.47%"
"07/25/2022","10.2307","10.2610","10.2735","10.1932","117.39K","-0.20%"
"07/22/2022","10.2510","10.1743","10.3326","10.1608","134.31K","0.76%"
"07/21/2022","10.1739","10.2605","10.2629","10.1328","168.38K","-0.84%"
"07/20/2022","10.2596","10.3159","10.3203","10.1820","156.44K","-0.54%"
"07/19/2022","10.3149","10.4963","10.5120","10.2973","146.58K","-1.72%"
"07/18/2022","10.4955","10.4409","10.5555","10.3820","89.68K","0.76%"
"07/15/2022","10.4166","10.4139","10.4706","10.3982","129.33K","0.04%"
"07/14/2022","10.4124","10.2879","10.4518","10.2760","153.73K","1.35%"
"07/13/2022","10.2740","10.2792","10.3162","10.2403","239.76K","-0.03%"
"07/12/2022","10.2767","10.1666","10.2944","10.1666","125.28K","0.99%"
"07/11/2022","10.1763","10.1525","10.1771","10.1500","34.26K","0.26%"
"07/08/2022","10.1500","10.1605","10.2136","10.1335","74.60K","-0.08%"
"07/07/2022","10.1585","10.1760","10.1853","10.1333","103.11K","-0.15%"
"07/06/2022","10.1735","10.1318","10.1932","10.0965","113.39K","0.42%"
"07/05/2022","10.1313","10.0300","10.1617","10.0136","140.78K","1.03%"
"07/04/2022","10.0277","10.0465","10.0565","10.0042","90.55K","-0.16%"
"07/01/2022","10.0440","10.0820","10.1133","10.0308","108.65K","-0.26%"
"06/30/2022","10.0703","10.1617","10.1761","10.0661","186.23K","-0.89%"
"06/29/2022","10.1612","10.0862","10.1710","10.0759","208.13K","0.76%"
"06/28/2022","10.0843","10.0546","10.1024","10.0188","213.71K","0.30%"
"06/27/2022","10.0541","10.0225","10.0695","9.9967","144.73K","0.31%"
"06/24/2022","10.0233","10.0258","10.0457","10.0015","152.58K","-0.01%"
"06/23/2022","10.0239","10.0292","10.0885","10.0072","215.48K","0.01%"
"06/22/2022","10.0225","10.0295","10.0655","10.0032","172.50K","-0.04%"
"06/21/2022","10.0270","10.0636","10.0740","10.0023","201.45K","-0.27%"
"06/20/2022","10.0537","10.0870","10.1069","10.0430","141.44K","-0.33%"
"06/17/2022","10.0870","10.0711","10.1215","10.0469","189.23K","0.19%"
"06/16/2022","10.0682","10.1370","10.1739","10.0396","216.32K","-0.61%"
"06/15/2022","10.1305","10.0892","10.1846","10.0410","178.13K","0.43%"
"06/14/2022","10.0873","10.0412","10.0996","9.9859","181.47K","0.49%"
"06/13/2022","10.0380","9.9600","10.0490","9.9585","133.22K","0.84%"
"06/10/2022","9.9539","9.8795","9.9677","9.8680","157.75K","0.78%"
"06/09/2022","9.8772","9.8352","9.9040","9.8067","175.12K","0.45%"
"06/08/2022","9.8326","9.8292","9.8555","9.8046","136.37K","0.08%"
"06/07/2022","9.8248","9.8709","9.8882","9.8221","78.95K","-0.44%"
"06/06/2022","9.8681","9.8625","9.8827","9.8442","42.72K","0.11%"
"06/03/2022","9.8574","9.8386","9.8858","9.7986","47.97K","0.24%"
"06/02/2022","9.8337","9.8875","9.8952","9.8331","57.81K","-0.52%"
"06/01/2022","9.8850","9.8615","9.9047","9.8359","70.70K","0.30%"
"05/31/2022","9.8552","9.8762","9.9094","9.8518","97.81K","-0.19%"
"05/30/2022","9.8742","9.8940","9.9035","9.8569","56.55K","-0.17%"
"05/27/2022","9.8915","9.8890","9.9136","9.8622","32.02K","0.07%"
"05/26/2022","9.8850","9.9262","9.9518","9.8856","72.52K","-0.33%"
"05/25/2022","9.9177","9.9423","9.9735","9.9121","62.08K","-0.16%"
"05/24/2022","9.9332","9.9697","9.9861","9.9303","53.02K","-0.34%"
"05/23/2022","9.9672","10.0220","10.0220","9.9541","53.12K","-0.50%"
"05/20/2022","10.0168","10.0201","10.0522","10.0029","141.90K","0.00%"
"05/19/2022","10.0165","10.0887","10.0925","10.0042","120.52K","-0.69%"
"05/18/2022","10.0862","10.0215","10.0927","10.0122","59.78K","0.68%"
"05/17/2022","10.0185","10.0775","10.0928","10.0131","49.15K","-0.57%"
"05/16/2022","10.0755","10.1248","10.1298","10.0695","66.81K","-0.45%"
"05/13/2022","10.1210","10.1490","10.1636","10.1113","81.44K","-0.23%"
"05/12/2022","10.1448","10.0680","10.1627","10.0560","60.36K","0.79%"
"05/11/2022","10.0655","10.0463","10.0697","10.0099","51.00K","0.21%"
"05/10/2022","10.0444","10.0270","10.0564","10.0122","67.85K","0.20%"
"05/09/2022","10.0245","10.0065","10.0581","9.9927","63.72K","0.20%"
"05/06/2022","10.0042","10.0060","10.0323","9.9740","50.32K","0.01%"
"05/05/2022","10.0035","9.9417","10.0358","9.9299","57.92K","0.65%"
"05/04/2022","9.9385","10.0015","10.0110","9.9354","61.68K","-0.61%"
"05/03/2022","9.9995","10.0100","10.0180","9.9759","4.38K","-0.07%"
"05/02/2022","10.0065","9.9875","10.0185","9.9780","4.23K","0.20%"
"04/29/2022","9.9865","10.0155","10.0209","9.9552","109.49K","-0.27%"
"04/28/2022","10.0132","9.9745","10.0302","9.9682","82.77K","0.41%"
"04/27/2022","9.9720","9.9390","10.0014","9.9285","95.52K","0.34%"
"04/26/2022","9.9380","9.9321","9.9641","9.8954","62.99K","0.08%"
"04/25/2022","9.9296","9.8439","9.9397","9.8415","66.63K","0.90%"
"04/22/2022","9.8413","9.8005","9.8635","9.7915","56.91K","0.41%"
"04/21/2022","9.8016","9.7945","9.8127","9.7499","38.21K","0.10%"
"04/20/2022","9.7920","9.8455","9.8482","9.7852","36.47K","-0.52%"
"04/19/2022","9.8435","9.8541","9.8692","9.8203","38.69K","-0.08%"
"04/18/2022","9.8517","9.8205","9.8645","9.8140","16.43K","0.37%"
"04/15/2022","9.8155","9.7883","9.8330","9.7867","37.40K","0.30%"
"04/14/2022","9.7860","9.7825","9.8455","9.7363","72.14K","0.06%"
"04/13/2022","9.7800","9.8420","9.8511","9.7825","33.13K","-0.62%"
"04/12/2022","9.8410","9.7987","9.8453","9.7825","36.29K","0.46%"
"04/11/2022","9.7964","9.7621","9.8053","9.7316","33.15K","0.36%"
"04/08/2022","9.7611","9.7598","9.7870","9.7267","40.10K","0.06%"
"04/07/2022","9.7557","9.7179","9.7692","9.6969","46.80K","0.42%"
"04/06/2022","9.7149","9.7024","9.7547","9.6924","63.70K","0.15%"
"04/05/2022","9.7001","9.7445","9.7527","9.6919","37.30K","-0.43%"
"04/04/2022","9.7420","9.7240","9.7645","9.7197","21.08K","0.21%"
"04/01/2022","9.7215","9.6971","9.7489","9.6744","74.76K","0.28%"
"03/31/2022","9.6947","9.6435","9.7069","9.6302","79.62K","0.45%"
"03/30/2022","9.6509","9.6826","9.6884","9.6387","66.92K","-0.29%"
"03/29/2022","9.6790","9.6963","9.7051","9.6434","80.90K","-0.05%"
"03/28/2022","9.6835","9.7041","9.7261","9.6828","52.11K","-0.19%"
"03/25/2022","9.7015","9.6960","9.7078","9.6733","44.00K","0.09%"
"03/24/2022","9.6929","9.6715","9.7375","9.6632","47.80K","0.26%"
"03/23/2022","9.6679","9.7120","9.7401","9.6639","30.72K","-0.44%"
"03/22/2022","9.7106","9.7498","9.7801","9.6999","30.38K","-0.38%"
"03/21/2022","9.7472","9.7700","9.7768","9.7221","37.58K","-0.22%"
"03/18/2022","9.7690","9.7765","9.8163","9.7604","72.43K","-0.03%"
"03/17/2022","9.7718","9.7893","9.8067","9.7504","89.08K","-0.15%"
"03/16/2022","9.7868","9.7766","9.8836","9.7487","118.77K","0.13%"
"03/15/2022","9.7741","9.7208","9.8056","9.6779","84.96K","0.57%"
"03/14/2022","9.7189","9.7406","9.7437","9.6540","66.73K","-0.20%"
"03/11/2022","9.7380","9.8224","9.8308","9.6712","100.85K","-0.90%"
"03/10/2022","9.8266","9.8510","9.8701","9.7552","88.27K","-0.22%"
"03/09/2022","9.8485","9.9710","9.9815","9.8399","57.67K","-1.24%"
"03/08/2022","9.9725","9.9064","10.0603","9.8856","83.74K","0.69%"
"03/07/2022","9.9038","9.3507","9.9120","9.3500","81.23K","1.68%"
"03/04/2022","9.7403","9.6389","9.7706","9.6302","72.82K","1.08%"
"03/03/2022","9.6364","9.5855","9.6558","9.5839","82.37K","0.55%"
"03/02/2022","9.5835","9.5811","9.6186","9.5747","63.31K","0.04%"
"03/01/2022","9.5796","9.5469","9.6012","9.5163","86.35K","0.37%"
"02/28/2022","9.5443","9.4995","9.5863","9.4968","83.79K","0.49%"
"02/25/2022","9.4977","9.4784","9.5335","9.4557","74.03K","0.24%"
"02/24/2022","9.4754","9.4403","9.5248","9.4325","57.38K","0.38%"
"02/23/2022","9.4391","9.4358","9.4532","9.4096","47.87K","0.07%"
"02/22/2022","9.4325","9.4602","9.4727","9.4147","41.54K","-0.27%"
"02/21/2022","9.4577","9.4495","9.4632","9.4122","44.98K","0.12%"
"02/18/2022","9.4465","9.3861","9.4544","9.3642","46.69K","0.61%"
"02/17/2022","9.3891","9.3635","9.3968","9.3539","60.90K","0.29%"
"02/16/2022","9.3616","9.3680","9.3778","9.3492","51.43K","-0.05%"
"02/15/2022","9.3665","9.3885","9.3911","9.3555","59.06K","-0.21%"
"02/14/2022","9.3865","9.3429","9.4021","9.3280","49.19K","0.49%"
"02/11/2022","9.3404","9.3201","9.3528","9.3135","55.05K","0.25%"
"02/10/2022","9.3175","9.3206","9.3470","9.2827","54.80K","-0.01%"
"02/09/2022","9.3186","9.3270","9.3344","9.3061","50.57K","-0.06%"
"02/08/2022","9.3240","9.3154","9.3455","9.3036","31.55K","0.12%"
"02/07/2022","9.3129","9.3070","9.3329","9.3033","51.58K","0.09%"
"02/04/2022","9.3045","9.2791","9.3271","9.2624","56.33K","0.29%"
"02/03/2022","9.2775","9.3537","9.3663","9.2721","69.35K","-0.79%"
"02/02/2022","9.3511","9.3801","9.3846","9.3379","46.15K","-0.28%"
"02/01/2022","9.3776","9.4118","9.4270","9.3720","43.45K","-0.35%"
"01/31/2022","9.4101","9.4380","9.4572","9.4006","18.73K","-0.29%"
"01/28/2022","9.4372","9.4096","9.4459","9.4031","33.89K","0.32%"
"01/27/2022","9.4070","9.3519","9.4175","9.3460","31.09K","0.61%"
"01/26/2022","9.3503","9.3099","9.3572","9.3039","30.52K","0.46%"
"01/25/2022","9.3074","9.2903","9.3295","9.2874","32.25K","0.22%"
"01/24/2022","9.2873","9.2785","9.3086","9.2765","37.11K","0.12%"
"01/21/2022","9.2760","9.2915","9.2971","9.2680","19.56K","-0.14%"
"01/20/2022","9.2890","9.2760","9.2962","9.2567","24.62K","0.17%"
"01/19/2022","9.2735","9.2840","9.2902","9.2629","20.31K","-0.09%"
"01/18/2022","9.2815","9.2375","9.2913","9.2247","88.82K","0.50%"
"01/17/2022","9.2350","9.2306","9.2474","9.2138","40.09K","0.07%"
"01/14/2022","9.2281","9.2142","9.2396","9.1888","34.66K","0.18%"
"01/13/2022","9.2117","9.2125","9.2186","9.1867","31.78K","0.02%"
"01/12/2022","9.2100","9.2554","9.2652","9.2003","43.41K","-0.46%"
"01/11/2022","9.2524","9.2760","9.2863","9.2503","18.09K","-0.22%"
"01/10/2022","9.2725","9.2580","9.3027","9.2552","32.36K","0.18%"
"01/07/2022","9.2555","9.2775","9.2914","9.2560","52.87K","-0.21%"
"01/06/2022","9.2750","9.2685","9.2915","9.2573","57.72K","0.09%"
"01/05/2022","9.2665","9.2775","9.2880","9.2419","48.85K","-0.08%"
"01/04/2022","9.2735","9.2735","9.2899","9.2575","52.29K","0.00%"
"01/03/2022","9.2735","9.2555","9.2875","9.2351","43.35K","0.27%"
"12/31/2021","9.2487","9.2500","9.2951","9.2388","31.02K","0.02%"
"12/30/2021","9.2464","9.2374","9.2647","9.2273","40.89K","0.12%"
"12/29/2021","9.2349","9.2787","9.3028","9.2247","45.36K","-0.43%"
"12/28/2021","9.2752","9.2781","9.2920","9.2604","37.21K","0.00%"
"12/27/2021","9.2756","9.2548","9.2921","9.2482","43.36K","0.20%"
"12/24/2021","9.2568","9.2552","9.2696","9.2427","52.33K","0.03%"
"12/23/2021","9.2538","9.2513","9.2774","9.2403","46.50K","0.04%"
"12/22/2021","9.2503","9.2729","9.2885","9.2411","57.48K","-0.20%"
"12/21/2021","9.2684","9.2800","9.2892","9.2593","44.13K","-0.09%"
"12/20/2021","9.2770","9.2845","9.2940","9.2601","58.99K","-0.18%"
"12/17/2021","9.2939","9.2475","9.3029","9.2360","42.00K","0.53%"
"12/16/2021","9.2450","9.2516","9.2700","9.2318","39.93K","-0.04%"
"12/15/2021","9.2483","9.2770","9.2972","9.2468","44.41K","-0.28%"
"12/14/2021","9.2740","9.2570","9.2804","9.2388","56.42K","0.15%"
"12/13/2021","9.2600","9.2474","9.2696","9.2382","41.67K","0.16%"
"12/10/2021","9.2449","9.2520","9.2689","9.2416","34.71K","-0.05%"
"12/09/2021","9.2499","9.2067","9.2626","9.1976","48.30K","0.48%"
"12/08/2021","9.2057","9.2340","9.2432","9.1955","57.02K","-0.28%"
"12/07/2021","9.2315","9.2103","9.2551","9.1976","39.92K","0.25%"
"12/06/2021","9.2085","9.2400","9.2483","9.1965","54.03K","-0.18%"
"12/03/2021","9.2255","9.2263","9.2527","9.2133","33.71K","0.03%"
"12/02/2021","9.2225","9.2268","9.2348","9.1962","29.31K","-0.03%"
"12/01/2021","9.2255","9.2432","9.2621","9.2048","26.69K","-0.16%"
"11/30/2021","9.2407","9.2514","9.2951","9.2094","53.27K","-0.13%"
"11/29/2021","9.2524","9.2407","9.2735","9.2353","32.95K","0.15%"
"11/26/2021","9.2381","9.2766","9.2787","9.2313","65.03K","-0.39%"
"11/25/2021","9.2741","9.2631","9.2787","9.2519","35.10K","0.15%"
"11/24/2021","9.2605","9.2340","9.2709","9.2300","57.33K","0.31%"
"11/23/2021","9.2315","9.2395","9.2457","9.2184","26.66K","-0.08%"
"11/22/2021","9.2390","9.2086","9.2437","9.2056","46.47K","0.36%"
"11/19/2021","9.2061","9.1993","9.2326","9.1685","20.24K","0.10%"
"11/18/2021","9.1968","9.1993","9.2023","9.1947","0.04K","0.06%"
"11/17/2021","9.1909","9.1930","9.2062","9.1770","45.83K","-0.01%"
"11/16/2021","9.1915","9.1694","9.1991","9.1483","44.37K","0.27%"
"11/15/2021","9.1670","9.1312","9.1759","9.1191","40.03K","0.51%"
"11/12/2021","9.1208","9.1237","9.1382","9.1164","63.84K","0.00%"
"11/11/2021","9.1207","9.1110","9.1299","9.0986","59.66K","0.13%"
"11/10/2021","9.1085","9.0546","9.1126","9.0504","60.80K","0.62%"
"11/09/2021","9.0520","9.0668","9.0708","9.0447","75.64K","-0.14%"
"11/08/2021","9.0643","9.0857","9.0890","9.0588","50.58K","-0.21%"
"11/05/2021","9.0832","9.0865","9.1081","9.0757","52.71K","-0.01%"
"11/04/2021","9.0845","9.0640","9.1048","9.0583","60.56K","0.25%"
"11/03/2021","9.0620","9.0787","9.0893","9.0624","78.22K","-0.16%"
"11/02/2021","9.0762","9.0666","9.0839","9.0578","96.00K","0.05%"
"11/01/2021","9.0721","9.0982","9.1005","9.0611","96.93K","-0.14%"
"10/29/2021","9.0850","9.0306","9.1015","9.0219","61.78K","0.62%"
"10/28/2021","9.0286","9.0714","9.0838","9.0209","96.04K","-0.39%"
"10/27/2021","9.0638","9.0744","9.0819","9.0505","78.52K","-0.09%"
"10/26/2021","9.0719","9.0712","9.0845","9.0560","87.21K","0.04%"
"10/25/2021","9.0685","9.0510","9.0805","9.0309","64.36K","0.22%"
"10/22/2021","9.0485","9.0517","9.0629","9.0303","60.59K","-0.01%"
"10/21/2021","9.0497","9.0275","9.0569","9.0175","40.42K","0.27%"
"10/20/2021","9.0250","9.0365","9.0533","9.0212","4.80K","-0.10%"
"10/19/2021","9.0340","9.0465","9.0547","9.0215","4.17K","-0.12%"
"10/18/2021","9.0445","9.0494","9.0646","9.0402","63.50K","-0.08%"
"10/15/2021","9.0515","9.0513","9.0597","9.0377","89.71K","0.03%"
"10/14/2021","9.0486","9.0710","9.0732","9.0358","64.96K","-0.22%"
"10/13/2021","9.0685","9.0865","9.0881","9.0560","98.27K","-0.15%"
"10/12/2021","9.0824","9.0744","9.0898","9.0601","88.12K","0.12%"
"10/11/2021","9.0719","9.0649","9.0786","9.0553","65.73K","0.05%"
"10/08/2021","9.0670","9.0747","9.0836","9.0577","57.00K","-0.10%"
"10/07/2021","9.0765","9.0725","9.0837","9.0605","65.87K","0.08%"
"10/06/2021","9.0695","9.0560","9.0890","9.0513","66.45K","0.18%"
"10/05/2021","9.0535","9.0388","9.0640","9.0336","52.79K","0.19%"
"10/04/2021","9.0360","9.0515","9.0591","9.0284","43.52K","-0.17%"
"10/01/2021","9.0510","9.0730","9.0805","9.0449","16.44K","-0.23%"
"09/30/2021","9.0720","9.0504","9.0805","9.0402","34.79K","0.27%"
"09/29/2021","9.0477","9.0115","9.0555","9.0021","34.30K","0.42%"
"09/28/2021","9.0095","9.0036","9.0198","8.9983","41.67K","0.09%"
"09/27/2021","9.0015","8.9876","9.0103","8.9858","33.45K","0.13%"
"09/24/2021","8.9896","8.9835","9.0053","8.9815","64.06K","0.10%"
"09/23/2021","8.9805","8.9938","9.0110","8.9780","54.52K","-0.12%"
"09/22/2021","8.9913","8.9906","9.0093","8.9765","73.86K","0.01%"
"09/21/2021","8.9901","8.9900","8.9980","8.9750","48.68K","0.03%"
"09/20/2021","8.9870","8.9906","9.0036","8.9793","49.46K","-0.01%"
"09/17/2021","8.9880","8.9710","8.9905","8.9565","74.59K","0.21%"
"09/16/2021","8.9689","8.9478","8.9808","8.9380","108.54K","0.27%"
"09/15/2021","8.9446","8.9523","8.9562","8.9349","43.84K","-0.06%"
"09/14/2021","8.9496","8.9490","8.9578","8.9407","50.18K","0.02%"
"09/13/2021","8.9475","8.9436","8.9696","8.9414","24.93K","0.07%"
"09/10/2021","8.9411","8.9428","8.9478","8.9310","50.99K","0.00%"
"09/09/2021","8.9409","8.9480","8.9616","8.9319","55.45K","-0.05%"
"09/08/2021","8.9456","8.9347","8.9551","8.9251","60.65K","0.15%"
"09/07/2021","8.9322","8.9230","8.9382","8.9102","75.29K","0.13%"
"09/06/2021","8.9210","8.9219","8.9296","8.9198","40.63K","0.02%"
"09/03/2021","8.9194","8.9322","8.9322","8.9122","43.95K","-0.12%"
"09/02/2021","8.9297","8.9390","8.9396","8.9220","42.98K","-0.07%"
"09/01/2021","8.9360","8.9506","8.9586","8.9305","52.47K","-0.14%"
"08/31/2021","8.9484","8.9570","8.9621","8.9354","60.73K","-0.08%"
"08/30/2021","8.9558","8.9590","8.9637","8.9489","46.63K","0.01%"
"08/27/2021","8.9550","8.9770","8.9871","8.9565","25.66K","-0.22%"
"08/26/2021","8.9745","8.9840","8.9851","8.9599","24.68K","-0.08%"
"08/25/2021","8.9815","8.9800","8.9925","8.9766","22.64K","0.06%"
"08/24/2021","8.9760","8.9921","8.9953","8.9688","19.21K","-0.04%"
"08/23/2021","8.9795","9.0025","9.0081","8.9794","14.04K","-0.12%"
"08/20/2021","8.9900","9.0140","9.0145","8.9910","4.17K","-0.24%"
"08/19/2021","9.0115","8.9955","9.0235","8.9929","49.23K","0.19%"
"08/18/2021","8.9945","8.9964","9.0059","8.9850","69.51K","0.00%"
"08/17/2021","8.9942","8.9613","8.9985","8.9590","54.92K","0.34%"
"08/16/2021","8.9635","8.9595","8.9709","8.9530","40.65K","-0.14%"
"08/13/2021","8.9757","8.9885","8.9903","8.9570","12.37K","-0.13%"
"08/12/2021","8.9870","8.9950","9.0025","8.9748","68.49K","-0.07%"
"08/11/2021","8.9937","8.9797","9.0077","8.9759","54.66K","0.17%"
"08/10/2021","8.9780","8.9704","8.9963","8.9673","62.83K","0.11%"
"08/09/2021","8.9685","8.9720","8.9848","8.9571","58.86K","-0.01%"
"08/06/2021","8.9695","8.9363","8.9768","8.9306","51.12K","0.42%"
"08/05/2021","8.9324","8.9334","8.9468","8.9237","66.34K","-0.02%"
"08/04/2021","8.9345","8.9206","8.9407","8.9089","46.68K","0.15%"
"08/03/2021","8.9208","8.9178","8.9321","8.9062","54.38K","0.11%"
"08/02/2021","8.9113","8.9215","8.9266","8.9058","34.41K","0.26%"
"07/30/2021","8.8881","8.8957","8.8957","8.8951","0.12K","-0.01%"
"07/29/2021","8.8890","8.9302","8.9384","8.8960","78.81K","-0.39%"
"07/28/2021","8.9234","8.9323","8.9710","8.9182","99.66K","-0.02%"
"07/27/2021","8.9256","8.9491","8.9694","8.9314","100.75K","-0.19%"
"07/26/2021","8.9424","8.9715","8.9770","8.9320","99.12K","-0.29%"
"07/23/2021","8.9686","8.9695","8.9817","8.9534","131.64K","0.03%"
"07/22/2021","8.9660","8.9532","8.9791","8.9366","80.78K","0.17%"
"07/21/2021","8.9504","8.9592","8.9812","8.9441","138.32K","-0.06%"
"07/20/2021","8.9554","8.9619","8.9829","8.9501","93.50K","-0.04%"
"07/19/2021","8.9594","8.9543","8.9770","8.9430","99.40K","0.08%"
"07/16/2021","8.9524","8.9505","8.9636","8.9353","125.71K","0.05%"
"07/15/2021","8.9480","8.9417","8.9619","8.9233","130.08K","0.15%"
"07/14/2021","8.9350","8.9690","8.9754","8.9269","119.74K","-0.35%"
"07/13/2021","8.9663","8.9305","8.9749","8.9157","159.46K","0.40%"
"07/12/2021","8.9305","8.9146","8.9456","8.9004","99.10K","0.03%"
"07/09/2021","8.9276","8.9408","8.9498","8.9118","118.28K","-0.07%"
"07/08/2021","8.9340","8.9616","8.9733","8.9197","125.11K","-0.28%"
"07/07/2021","8.9595","8.9507","8.9725","8.9308","192.14K","0.18%"
"07/06/2021","8.9436","8.9298","8.9600","8.9084","163.60K","0.21%"
"07/05/2021","8.9248","8.9253","8.9386","8.9090","90.22K","0.00%"
"07/02/2021","8.9245","8.9356","8.9592","8.9193","147.97K","-0.04%"
"07/01/2021","8.9285","8.9299","8.9464","8.9159","164.44K","0.02%"
"06/30/2021","8.9268","8.9107","8.9403","8.8993","132.00K","0.22%"
"06/29/2021","8.9069","8.8971","8.9256","8.8860","137.08K","0.16%"
"06/28/2021","8.8929","8.9046","8.9138","8.8851","87.51K","-0.03%"
"06/25/2021","8.8960","8.9027","8.9094","8.8785","152.50K","-0.05%"
"06/24/2021","8.9002","8.9025","8.9135","8.8833","146.01K","0.10%"
"06/23/2021","8.8915","8.8965","8.9199","8.8770","147.70K","-0.03%"
"06/22/2021","8.8940","8.9080","8.9314","8.8838","172.56K","0.00%"
"06/21/2021","8.8940","8.9208","8.9384","8.8883","125.89K","-0.40%"
"06/18/2021","8.9298","8.9189","8.9490","8.8996","94.74K","0.14%"
"06/17/2021","8.9170","8.8805","8.9306","8.8711","89.11K","0.44%"
"06/16/2021","8.8780","8.8220","8.8853","8.8048","123.07K","0.79%"
"06/15/2021","8.8086","8.8395","8.8449","8.8060","86.17K","-0.26%"
"06/14/2021","8.8318","8.8550","8.8668","8.8271","59.40K","-0.07%"
"06/11/2021","8.8376","8.8146","8.8664","8.8014","110.91K","0.29%"
"06/10/2021","8.8120","8.8155","8.8450","8.8081","100.07K","-0.01%"
"06/09/2021","8.8129","8.8282","8.8337","8.8011","109.07K","-0.14%"
"06/08/2021","8.8254","8.8069","8.8368","8.7992","88.61K","0.09%"
"06/07/2021","8.8176","8.8213","8.8440","8.7980","70.23K","-0.05%"
"06/04/2021","8.8223","8.8525","8.8708","8.8181","153.48K","-0.32%"
"06/03/2021","8.8509","8.8256","8.8705","8.8112","144.47K","0.36%"
"06/02/2021","8.8189","8.8284","8.8518","8.8034","140.72K","-0.03%"
"06/01/2021","8.8214","8.8217","8.8423","8.7970","158.87K","-0.04%"
"05/31/2021","8.8251","8.8197","8.8558","8.8146","106.27K","-0.06%"
"05/28/2021","8.8301","8.8406","8.8794","8.8188","154.87K","-0.10%"
"05/27/2021","8.8390","8.8360","8.8541","8.8099","129.43K","0.06%"
"05/26/2021","8.8335","8.7921","8.8462","8.7798","146.10K","0.50%"
"05/25/2021","8.7895","8.8218","8.8251","8.7819","99.01K","-0.29%"
"05/24/2021","8.8148","8.8290","8.8369","8.7991","114.94K","-0.02%"
"05/21/2021","8.8165","8.8125","8.8421","8.7956","142.95K","0.07%"
"05/20/2021","8.8100","8.8340","8.8409","8.8004","141.36K","-0.24%"
"05/19/2021","8.8310","8.8010","8.8449","8.7878","152.83K","0.37%"
"05/18/2021","8.7984","8.8449","8.8449","8.7927","198.13K","-0.44%"
"05/17/2021","8.8374","8.8445","8.8594","8.8243","112.27K","0.15%"
"05/14/2021","8.8242","8.8747","8.8809","8.8312","3.99K","-0.50%"
"05/13/2021","8.8685","8.8742","8.8857","8.8590","47.62K","0.01%"
"05/12/2021","8.8678","8.8468","8.8889","8.8366","144.00K","0.32%"
"05/11/2021","8.8399","8.8485","8.8588","8.8231","145.49K","-0.03%"
"05/10/2021","8.8424","8.8389","8.8573","8.8228","110.33K","0.07%"
"05/07/2021","8.8359","8.8773","8.8923","8.8327","124.46K","-0.47%"
"05/06/2021","8.8780","8.9162","8.9256","8.8680","112.02K","-0.41%"
"05/05/2021","8.9147","8.9227","8.9500","8.9045","130.23K","-0.18%"
"05/04/2021","8.9311","8.9227","8.9555","8.9072","144.56K","0.17%"
"05/03/2021","8.9158","8.9398","8.9446","8.9062","68.51K","-0.32%"
"04/30/2021","8.9441","8.9044","8.9542","8.8958","151.04K","0.52%"
"04/29/2021","8.8977","8.8865","8.9228","8.8666","119.73K","0.16%"
"04/28/2021","8.8836","8.8973","8.9230","8.8745","117.90K","-0.08%"
"04/27/2021","8.8909","8.8990","8.9187","8.8869","66.24K","-0.06%"
"04/26/2021","8.8965","8.8895","8.9152","8.8778","76.97K","-0.02%"
"04/23/2021","8.8985","8.9236","8.9354","8.8830","125.32K","-0.32%"
"04/22/2021","8.9267","8.9197","8.9434","8.8982","180.38K","0.10%"
"04/21/2021","8.9178","8.9210","8.9440","8.9103","127.26K","-0.01%"
"04/20/2021","8.9185","8.9184","8.9323","8.8875","108.45K","0.03%"
"04/19/2021","8.9162","8.9095","8.9326","8.9007","57.30K","-0.18%"
"04/16/2021","8.9325","8.9367","8.9506","8.9191","96.10K","0.08%"
"04/15/2021","8.9256","8.9285","8.9505","8.9158","111.62K","0.00%"
"04/14/2021","8.9252","8.9396","8.9593","8.9214","124.29K","-0.13%"
"04/13/2021","8.9368","8.9619","8.9797","8.9348","107.45K","-0.20%"
"04/12/2021","8.9550","8.9699","8.9834","8.9405","31.10K","-0.10%"
"04/09/2021","8.9640","8.9578","8.9900","8.9490","90.47K","0.07%"
"04/08/2021","8.9575","8.9985","9.0105","8.9483","71.07K","-0.43%"
"04/07/2021","8.9960","8.9990","9.0190","8.9760","118.33K","-0.11%"
"04/06/2021","9.0060","9.0460","9.0541","8.9952","166.68K","-0.37%"
"04/05/2021","9.0391","9.0592","9.0806","9.0315","68.20K","-0.21%"
"04/02/2021","9.0579","9.0467","9.0717","9.0254","110.37K","0.20%"
"04/01/2021","9.0398","9.0718","9.0800","9.0312","182.33K","-0.24%"
"03/31/2021","9.0616","9.0720","9.0850","9.0407","178.15K","-0.04%"
"03/30/2021","9.0651","9.0605","9.0824","9.0409","79.42K","0.13%"
"03/29/2021","9.0537","9.0369","9.0754","9.0160","60.39K","0.07%"
"03/26/2021","9.0472","9.0671","9.0738","9.0378","116.88K","-0.19%"
"03/25/2021","9.0647","9.0243","9.0750","9.0157","103.24K","0.44%"
"03/24/2021","9.0250","8.9991","9.0435","8.9843","44.61K","0.40%"
"03/23/2021","8.9890","8.9615","9.0063","8.9442","106.47K","0.49%"
"03/22/2021","8.9448","8.9806","8.9906","8.9467","24.80K","-0.32%"
"03/19/2021","8.9739","8.9994","9.0099","8.9648","66.41K","-0.26%"
"03/18/2021","8.9969","8.9762","9.0113","8.9596","112.19K","0.31%"
"03/17/2021","8.9694","9.0077","9.0214","8.9620","134.34K","-0.40%"
"03/16/2021","9.0054","8.9956","9.0226","8.9740","95.45K","0.14%"
"03/15/2021","8.9931","8.9932","9.0131","8.9806","123.56K","0.00%"
"03/12/2021","8.9929","8.9818","9.0230","8.9579","47.89K","0.15%"
"03/11/2021","8.9793","9.0113","9.0241","8.9711","78.98K","-0.33%"
"03/10/2021","9.0088","9.0225","9.0465","9.0007","57.92K","-0.12%"
"03/09/2021","9.0196","9.0477","9.0614","9.0098","56.18K","-0.32%"
"03/08/2021","9.0482","9.0191","9.0581","9.0008","46.12K","0.44%"
"03/05/2021","9.0089","8.9798","9.0287","8.9670","110.75K","0.33%"
"03/04/2021","8.9795","8.9312","8.9932","8.9202","87.00K","0.62%"
"03/03/2021","8.9245","8.9199","8.9515","8.9004","113.38K","0.22%"
"03/02/2021","8.9052","8.9393","8.9701","8.9037","85.71K","-0.39%"
"03/01/2021","8.9398","8.9315","8.9686","8.9262","100.06K","0.15%"
"02/26/2021","8.9267","8.9111","8.9568","8.8837","104.10K","0.43%"
"02/25/2021","8.8884","8.9114","8.9258","8.8693","136.91K","-0.23%"
"02/24/2021","8.9090","8.9096","8.9461","8.8933","113.66K","0.03%"
"02/23/2021","8.9064","8.9043","8.9209","8.8769","115.25K","0.09%"
"02/22/2021","8.8987","8.9120","8.9450","8.8808","69.82K","0.03%"
"02/19/2021","8.8963","8.9181","8.9276","8.8912","108.32K","-0.19%"
"02/18/2021","8.9132","8.9575","8.9616","8.9081","106.41K","-0.42%"
"02/17/2021","8.9508","8.9403","8.9727","8.9295","107.22K","0.13%"
"02/16/2021","8.9394","8.9302","8.9537","8.9031","94.89K","0.18%"
"02/15/2021","8.9234","8.9460","8.9547","8.9089","70.12K","-0.26%"
"02/12/2021","8.9469","8.9391","8.9797","8.9255","84.79K","0.16%"
"02/11/2021","8.9324","8.9403","8.9486","8.9196","93.11K","0.06%"
"02/10/2021","8.9268","8.9294","8.9417","8.9075","57.09K","0.05%"
"02/09/2021","8.9227","8.9525","8.9657","8.9142","121.73K","-0.29%"
"02/08/2021","8.9489","8.9835","8.9931","8.9443","72.38K","-0.22%"
"02/05/2021","8.9687","9.0135","9.0288","8.9747","77.95K","-0.53%"
"02/04/2021","9.0163","8.9853","9.0248","8.9728","65.42K","0.37%"
"02/03/2021","8.9828","8.9899","9.0038","8.9670","85.01K","-0.05%"
"02/02/2021","8.9874","8.9819","8.9981","8.9483","102.31K","0.14%"
"02/01/2021","8.9750","8.9597","8.9881","8.9349","79.50K","0.43%"
"01/29/2021","8.9364","8.9682","8.9843","8.9317","111.80K","-0.24%"
"01/28/2021","8.9575","8.9634","8.9993","8.9482","148.73K","-0.04%"
"01/27/2021","8.9610","8.9628","8.9958","8.9425","103.13K","0.06%"
"01/26/2021","8.9560","8.9736","8.9907","8.9444","84.53K","-0.17%"
"01/25/2021","8.9711","8.9258","8.9895","8.9170","49.11K","0.61%"
"01/22/2021","8.9163","8.9352","8.9497","8.9173","94.19K","-0.14%"
"01/21/2021","8.9284","8.9681","8.9755","8.9241","101.64K","-0.37%"
"01/20/2021","8.9613","8.9275","8.9886","8.9027","98.24K","0.45%"
"01/19/2021","8.9208","8.9503","8.9574","8.9133","91.61K","-0.25%"
"01/18/2021","8.9435","8.9339","8.9708","8.9178","116.27K","0.14%"
"01/15/2021","8.9312","8.8695","8.9387","8.8560","58.90K","0.68%"
"01/14/2021","8.8706","8.8726","8.8949","8.8511","74.49K","0.05%"
"01/13/2021","8.8659","8.8301","8.8831","8.8075","65.16K","0.44%"
"01/12/2021","8.8273","8.8085","8.8671","8.7944","63.29K","0.29%"
"01/11/2021","8.8018","8.8190","8.8218","8.8088","0.05K","-0.20%"
"01/08/2021","8.8192","8.8131","8.8505","8.7937","105.29K","0.15%"
"01/07/2021","8.8062","8.7906","8.8298","8.7788","102.89K","0.26%"
"01/06/2021","8.7837","8.8229","8.8342","8.7765","104.34K","-0.26%"
"01/05/2021","8.8063","8.8705","8.8745","8.8100","101.36K","-0.64%"
"01/04/2021","8.8628","8.9091","8.9091","8.8337","57.36K","-0.44%"
"01/01/2021","8.9023","8.9085","8.9184","8.9000","","0.01%"
"12/31/2020","8.9017","8.8993","8.9209","8.8624","105.88K","0.10%"
"12/30/2020","8.8925","8.9268","8.9385","8.8848","107.14K","-0.27%"
"12/29/2020","8.9167","8.9523","8.9567","8.9106","108.81K","-0.27%"
"12/28/2020","8.9405","8.9568","8.9706","8.9186","94.78K","-0.15%"
"12/25/2020","8.9543","8.9680","8.9887","8.9476","53.36K","-0.08%"
"12/24/2020","8.9614","8.9787","8.9922","8.9543","93.92K","-0.12%"
"12/23/2020","8.9721","8.9952","9.0068","8.9635","83.80K","-0.17%"
"12/22/2020","8.9878","8.9553","9.0063","8.9401","53.56K","0.40%"
"12/21/2020","8.9522","8.8899","9.0135","8.8804","49.24K","0.82%"
"12/18/2020","8.8792","8.8844","8.9277","8.8730","113.24K","-0.05%"
"12/17/2020","8.8840","8.9081","8.9199","8.8715","114.07K","-0.24%"
"12/16/2020","8.9053","8.9553","8.9644","8.8965","91.67K","-0.48%"
"12/15/2020","8.9480","8.9691","8.9824","8.9343","150.11K","-0.20%"
"12/14/2020","8.9663","8.9896","8.9947","8.9480","128.44K","-0.24%"
"12/11/2020","8.9883","8.9787","9.0021","8.9576","87.24K","0.13%"
"12/10/2020","8.9762","9.0071","9.0152","8.9603","85.78K","-0.32%"
"12/09/2020","9.0051","8.9986","9.0238","8.9661","145.60K","0.10%"
"12/08/2020","8.9962","9.0014","9.0135","8.9756","147.32K","-0.03%"
"12/07/2020","8.9986","8.9852","9.0220","8.9703","91.33K","0.19%"
"12/04/2020","8.9812","8.9884","8.9980","8.9662","38.12K","-0.03%"
"12/03/2020","8.9840","9.0242","9.0268","8.9748","55.83K","-0.37%"
"12/02/2020","9.0175","9.0345","9.0536","9.0075","51.13K","-0.16%"
"12/01/2020","9.0320","9.1069","9.1069","9.0269","75.41K","-0.75%"
"11/30/2020","9.1002","9.0739","9.1083","9.0562","96.87K","0.46%"
"11/27/2020","9.0582","9.0905","9.0978","9.0651","64.50K","-0.32%"
"11/26/2020","9.0875","9.0900","9.1081","9.0723","66.97K","0.00%"
"11/25/2020","9.0877","9.0991","9.1109","9.0747","60.64K","-0.10%"
"11/24/2020","9.0966","9.1249","9.1336","9.0835","86.87K","-0.28%"
"11/23/2020","9.1224","9.1106","9.1468","9.0892","42.38K","0.14%"
"11/20/2020","9.1098","9.1177","9.1300","9.0951","124.50K","-0.01%"
"11/19/2020","9.1109","9.1241","9.1483","9.0982","41.81K","-0.04%"
"11/18/2020","9.1143","9.1236","9.1319","9.0984","31.81K","-0.04%"
"11/17/2020","9.1184","9.1285","9.1423","9.1033","73.39K","-0.14%"
"11/16/2020","9.1311","9.1352","9.1575","9.1114","77.32K","-0.06%"
"11/13/2020","9.1363","9.1565","9.1662","9.1286","52.14K","-0.19%"
"11/12/2020","9.1539","9.1707","9.1860","9.1408","87.09K","-0.14%"
"11/11/2020","9.1669","9.1513","9.1916","9.1371","98.61K","0.20%"
"11/10/2020","9.1488","9.1545","9.1701","9.1265","128.79K","-0.03%"
"11/09/2020","9.1520","9.1254","9.1643","9.0998","86.30K","0.48%"
"11/06/2020","9.1083","9.1469","9.1660","9.1024","39.24K","-0.38%"
"11/05/2020","9.1428","9.2006","9.2076","9.1264","79.78K","-0.57%"
"11/04/2020","9.1951","9.2012","9.2572","9.1645","79.47K","0.01%"
"11/03/2020","9.1945","9.2408","9.2484","9.1797","92.94K","-0.40%"
"11/02/2020","9.2312","9.2339","9.2535","9.2175","99.67K","0.05%"
"10/30/2020","9.2269","9.2199","9.2422","9.2011","33.26K","0.08%"
"10/29/2020","9.2191","9.1847","9.2376","9.1702","46.74K","0.40%"
"10/28/2020","9.1824","9.1617","9.2078","9.1535","99.17K","0.25%"
"10/27/2020","9.1592","9.1658","9.1778","9.1324","76.19K","0.00%"
"10/26/2020","9.1591","9.1589","9.1811","9.1407","28.58K","0.12%"
"10/23/2020","9.1480","9.1690","9.1947","9.1434","85.55K","-0.15%"
"10/22/2020","9.1621","9.1537","9.1830","9.1333","42.99K","0.13%"
"10/21/2020","9.1500","9.1537","9.1672","9.1240","82.50K","0.03%"
"10/20/2020","9.1470","9.1852","9.1948","9.1403","105.11K","-0.38%"
"10/19/2020","9.1815","9.2062","9.2224","9.1643","61.73K","-0.24%"
"10/16/2020","9.2035","9.2200","9.2323","9.1905","106.00K","-0.15%"
"10/15/2020","9.2175","9.2064","9.2337","9.1902","118.81K","0.19%"
"10/14/2020","9.1997","9.2205","9.2376","9.1872","93.66K","-0.20%"
"10/13/2020","9.2180","9.1812","9.2381","9.1756","85.50K","0.30%"
"10/12/2020","9.1901","9.1950","9.2109","9.1764","72.26K","-0.01%"
"10/09/2020","9.1912","9.2445","9.2544","9.1863","67.81K","-0.60%"
"10/08/2020","9.2470","9.2598","9.2634","9.2245","80.27K","-0.06%"
"10/07/2020","9.2530","9.2701","9.2791","9.2425","71.37K","-0.16%"
"10/06/2020","9.2677","9.2499","9.2756","9.2273","105.20K","0.23%"
"10/05/2020","9.2466","9.2652","9.2676","9.2318","49.30K","-0.14%"
"10/02/2020","9.2597","9.2450","9.2838","9.2313","79.77K","0.21%"
"10/01/2020","9.2401","9.2434","9.2627","9.2205","102.05K","0.00%"
"09/30/2020","9.2397","9.2456","9.2677","9.2246","66.48K","0.01%"
"09/29/2020","9.2386","9.2796","9.2887","9.2332","69.61K","-0.41%"
"09/28/2020","9.2771","9.2903","9.3049","9.2691","37.28K","-0.15%"
"09/25/2020","9.2909","9.2655","9.3081","9.2558","125.91K","0.26%"
"09/24/2020","9.2671","9.2782","9.2951","9.2563","88.55K","-0.09%"
"09/23/2020","9.2757","9.2584","9.2880","9.2459","105.30K","0.26%"
"09/22/2020","9.2516","9.2432","9.2788","9.2249","89.79K","0.10%"
"09/21/2020","9.2419","9.2254","9.2780","9.2060","76.62K","0.10%"
"09/18/2020","9.2331","9.2255","9.2579","9.2087","83.88K","0.14%"
"09/17/2020","9.2206","9.2423","9.2844","9.2128","88.76K","-0.17%"
"09/16/2020","9.2359","9.2281","9.2594","9.1992","87.76K","0.16%"
"09/15/2020","9.2210","9.1715","9.2386","9.1496","81.13K","0.56%"
"09/14/2020","9.1700","9.1726","9.1847","9.1534","76.25K","0.01%"
"09/11/2020","9.1695","9.1802","9.1902","9.1586","45.80K","-0.09%"
"09/10/2020","9.1782","9.1823","9.1910","9.1255","46.42K","-0.04%"
"09/09/2020","9.1820","9.2013","9.2160","9.1657","47.28K","-0.19%"
"09/08/2020","9.1992","9.1790","9.2106","9.1629","41.48K","0.24%"
"09/07/2020","9.1770","9.1914","9.1985","9.1629","28.14K","-0.06%"
"09/04/2020","9.1827","9.1854","9.2172","9.1657","84.82K","0.04%"
"09/03/2020","9.1787","9.1797","9.2170","9.1668","85.96K","0.02%"
"09/02/2020","9.1771","9.1489","9.2048","9.1258","90.24K","0.34%"
"09/01/2020","9.1456","9.1383","9.1586","9.0918","93.35K","0.12%"
"08/31/2020","9.1347","9.1573","9.1734","9.1148","58.36K","-0.23%"
"08/28/2020","9.1559","9.2074","9.2205","9.1289","77.01K","-0.57%"
"08/27/2020","9.2088","9.1976","9.2457","9.1700","104.98K","0.19%"
"08/26/2020","9.1910","9.2050","9.2416","9.1912","76.00K","-0.13%"
"08/25/2020","9.2030","9.2405","9.2472","9.1922","91.27K","-0.37%"
"08/24/2020","9.2370","9.1920","9.2472","9.1840","60.80K","0.65%"
"08/21/2020","9.1770","9.2102","9.2183","9.1840","5.28K","-0.29%"
"08/20/2020","9.2037","9.2098","9.2270","9.1860","15.32K","0.24%"
"08/19/2020","9.1814","9.1678","9.2087","9.1516","41.51K","0.22%"
"08/18/2020","9.1613","9.1895","9.1962","9.1485","57.67K","-0.23%"
"08/17/2020","9.1827","9.2121","9.2346","9.1751","44.76K","-0.41%"
"08/14/2020","9.2203","9.2341","9.2561","9.2144","35.82K","-0.08%"
"08/13/2020","9.2276","9.2502","9.2545","9.2080","40.42K","-0.15%"
"08/12/2020","9.2418","9.2707","9.2920","9.2323","68.51K","-0.29%"
"08/11/2020","9.2685","9.2773","9.2868","9.2347","70.63K","-0.01%"
"08/10/2020","9.2690","9.2726","9.2933","9.2425","63.20K","0.02%"
"08/07/2020","9.2670","9.2203","9.2987","9.2042","60.49K","0.58%"
"08/06/2020","9.2133","9.2558","9.2704","9.2045","54.40K","-0.39%"
"08/05/2020","9.2491","9.3091","9.3228","9.2285","72.58K","-0.66%"
"08/04/2020","9.3109","9.3414","9.3576","9.3073","60.88K","-0.29%"
"08/03/2020","9.3384","9.3324","9.3814","9.3260","39.95K","0.04%"
"07/31/2020","9.3350","9.3079","9.3459","9.2708","35.18K","0.41%"
"07/30/2020","9.2969","9.3339","9.3670","9.2971","37.45K","-0.32%"
"07/29/2020","9.3269","9.3813","9.3836","9.3191","60.52K","-0.51%"
"07/28/2020","9.3743","9.3635","9.3892","9.3445","65.49K","0.19%"
"07/27/2020","9.3564","9.4003","9.4019","9.3420","44.64K","-0.46%"
"07/24/2020","9.3998","9.4388","9.4480","9.4016","73.36K","-0.39%"
"07/23/2020","9.4365","9.4525","9.4730","9.4200","68.76K","-0.13%"
"07/22/2020","9.4490","9.4748","9.4894","9.4333","66.23K","-0.24%"
"07/21/2020","9.4716","9.5688","9.5873","9.4642","59.51K","-0.99%"
"07/20/2020","9.5660","9.5829","9.5962","9.5439","55.51K","-0.09%"
"07/17/2020","9.5744","9.6056","9.6145","9.5637","63.53K","-0.30%"
"07/16/2020","9.6031","9.5910","9.6180","9.5689","73.00K","0.15%"
"07/15/2020","9.5883","9.5840","9.6021","9.5574","70.42K","0.07%"
"07/14/2020","9.5815","9.6119","9.6269","9.5739","80.75K","-0.29%"
"07/13/2020","9.6094","9.6411","9.6468","9.5919","61.88K","-0.26%"
"07/10/2020","9.6341","9.6495","9.6686","9.6241","57.73K","-0.07%"
"07/09/2020","9.6410","9.6251","9.6559","9.6002","58.70K","0.20%"
"07/08/2020","9.6222","9.6580","9.6685","9.6106","70.97K","-0.34%"
"07/07/2020","9.6547","9.6457","9.6764","9.6298","71.01K","0.19%"
"07/06/2020","9.6364","9.6880","9.6929","9.6212","43.72K","-0.50%"
"07/03/2020","9.6852","9.7035","9.7170","9.6783","66.08K","-0.09%"
"07/02/2020","9.6935","9.6976","9.7182","9.6668","76.90K","-0.02%"
"07/01/2020","9.6951","9.7061","9.7357","9.6814","72.23K","-0.08%"
"06/30/2020","9.7028","9.7088","9.7364","9.6877","64.24K","0.01%"
"06/29/2020","9.7018","9.7070","9.7233","9.6770","37.94K","-0.12%"
"06/26/2020","9.7132","9.6942","9.7344","9.6817","60.09K","0.22%"
"06/25/2020","9.6914","9.6599","9.7149","9.6458","57.70K","0.35%"
"06/24/2020","9.6574","9.6205","9.6671","9.5987","60.54K","0.46%"
"06/23/2020","9.6130","9.6358","9.6531","9.5880","49.61K","-0.21%"
"06/22/2020","9.6329","9.6810","9.6881","9.6273","36.34K","-0.53%"
"06/19/2020","9.6846","9.6921","9.7008","9.6378","63.18K","-0.05%"
"06/18/2020","9.6894","9.6703","9.7053","9.6572","58.13K","0.30%"
"06/17/2020","9.6602","9.6644","9.6965","9.6411","60.78K","-0.02%"
"06/16/2020","9.6619","9.6405","9.6888","9.6153","61.47K","0.28%"
"06/15/2020","9.6347","9.6764","9.6894","9.6305","38.45K","-0.36%"
"06/12/2020","9.6696","9.6536","9.6980","9.6234","55.34K","0.24%"
"06/11/2020","9.6468","9.6315","9.6638","9.5907","58.08K","0.15%"
"06/10/2020","9.6321","9.6534","9.6619","9.6074","60.75K","-0.09%"
"06/09/2020","9.6410","9.6769","9.7094","9.6377","61.52K","-0.34%"
"06/08/2020","9.6740","9.6805","9.6971","9.6581","50.73K","-0.02%"
"06/05/2020","9.6759","9.6501","9.6915","9.6225","62.93K","0.29%"
"06/04/2020","9.6476","9.7017","9.7325","9.6348","61.79K","-0.53%"
"06/03/2020","9.6992","9.7183","9.7375","9.6791","60.36K","-0.17%"
"06/02/2020","9.7158","9.7753","9.7858","9.6950","62.22K","-0.53%"
"06/01/2020","9.7674","9.7922","9.7963","9.7495","38.66K","-0.18%"
"05/29/2020","9.7852","9.8101","9.8202","9.7656","64.02K","-0.22%"
"05/28/2020","9.8064","9.8525","9.8628","9.7978","58.12K","-0.36%"
"05/27/2020","9.8423","9.8630","9.8945","9.8312","50.68K","-0.18%"
"05/26/2020","9.8596","9.8676","9.8855","9.8459","30.75K","0.06%"
"05/25/2020","9.8538","9.8831","9.8844","9.8577","0.24K","-0.25%"
"05/22/2020","9.8785","9.8371","9.9100","9.8184","40.90K","0.49%"
"05/21/2020","9.8301","9.8020","9.8472","9.7853","45.33K","0.33%"
"05/20/2020","9.7979","9.8359","9.8496","9.7859","45.82K","-0.33%"
"05/19/2020","9.8300","9.8256","9.8500","9.7784","39.01K","0.01%"
"05/18/2020","9.8293","9.8816","9.9076","9.8129","25.88K","-0.56%"
"05/15/2020","9.8843","9.8620","9.9019","9.8394","31.79K","0.29%"
"05/14/2020","9.8557","9.8490","9.8840","9.8326","30.20K","0.09%"
"05/13/2020","9.8465","9.8285","9.8632","9.8081","37.12K","0.26%"
"05/12/2020","9.8210","9.8587","9.8755","9.8086","44.01K","-0.31%"
"05/11/2020","9.8517","9.8243","9.8659","9.8183","25.69K","0.20%"
"05/08/2020","9.8323","9.8643","9.8777","9.8115","43.55K","-0.26%"
"05/07/2020","9.8583","9.9079","9.9289","9.8547","39.62K","-0.42%"
"05/06/2020","9.9001","9.9141","9.9396","9.8850","43.48K","-0.02%"
"05/05/2020","9.9020","9.8768","9.9325","9.8621","41.91K","0.32%"
"05/04/2020","9.8705","9.8463","9.8953","9.8317","24.97K","0.33%"
"05/01/2020","9.8379","9.8533","9.8722","9.8154","30.81K","-0.17%"
"04/30/2020","9.8550","9.9211","9.9304","9.8419","41.28K","-0.56%"
"04/29/2020","9.9108","9.9442","9.9488","9.8894","44.79K","-0.27%"
"04/28/2020","9.9372","9.9629","9.9740","9.8991","41.21K","-0.19%"
"04/27/2020","9.9559","9.9646","9.9728","9.9396","31.21K","-0.02%"
"04/24/2020","9.9576","9.9928","10.0146","9.9600","39.77K","-0.31%"
"04/23/2020","9.9886","9.9436","10.0380","9.9296","33.00K","0.53%"
"04/22/2020","9.9362","10.0131","10.0177","9.9073","39.18K","-0.71%"
"04/21/2020","10.0076","10.0031","10.0362","9.9913","48.98K","0.11%"
"04/20/2020","9.9964","10.1942","10.2037","9.9838","26.68K","-1.97%"
"04/17/2020","10.1971","10.2405","10.2823","10.1665","35.61K","-0.37%"
"04/16/2020","10.2350","10.2135","10.2560","10.2013","41.73K","0.28%"
"04/15/2020","10.2061","10.1895","10.2553","10.1709","40.88K","0.23%"
"04/14/2020","10.1822","10.2385","10.2443","10.1734","42.90K","-0.48%"
"04/13/2020","10.2310","10.2283","10.2500","10.1986","25.55K","0.19%"
"04/10/2020","10.2117","10.2233","10.2338","10.2041","35.59K","-0.04%"
"04/09/2020","10.2162","10.2715","10.2828","10.2059","47.85K","-0.47%"
"04/08/2020","10.2646","10.2490","10.2887","10.2086","44.12K","0.18%"
"04/07/2020","10.2465","10.3020","10.3132","10.2190","43.94K","-0.50%"
"04/06/2020","10.2985","10.2624","10.3247","10.2548","22.90K","0.37%"
"04/03/2020","10.2603","10.2695","10.3243","10.2506","39.52K","-0.02%"
"04/02/2020","10.2627","10.2165","10.3001","10.2001","42.44K","0.52%"
"04/01/2020","10.2092","10.0994","10.2397","10.0908","37.45K","1.17%"
"03/31/2020","10.0912","10.0408","10.1615","10.0336","32.16K","0.46%"
"03/30/2020","10.0452","9.8583","10.0938","9.8529","27.36K","1.80%"
"03/27/2020","9.8675","9.8347","9.9632","9.8011","46.56K","0.40%"
"03/26/2020","9.8277","9.8310","9.8913","9.7977","44.69K","0.06%"
"03/25/2020","9.8215","9.8545","9.8878","9.8150","35.94K","-0.23%"
"03/24/2020","9.8438","9.8404","9.8771","9.7610","47.34K","0.10%"
"03/23/2020","9.8336","9.8224","9.8801","9.7815","29.24K","0.18%"
"03/20/2020","9.8163","9.8283","9.8685","9.7522","56.80K","-0.10%"
"03/19/2020","9.8258","9.6937","9.8625","9.6585","71.13K","1.39%"
"03/18/2020","9.6912","9.6483","9.7624","9.6179","68.51K","0.46%"
"03/17/2020","9.6466","9.5545","9.6770","9.5367","64.06K","1.04%"
"03/16/2020","9.5475","9.5842","9.6014","9.5202","40.24K","-0.42%"
"03/13/2020","9.5880","9.5477","9.6240","9.5253","111.23K","0.43%"
"03/12/2020","9.5470","9.5045","9.6236","9.4720","115.13K","0.47%"
"03/11/2020","9.5020","9.4745","9.5162","9.4534","97.02K","0.32%"
"03/10/2020","9.4720","9.4135","9.5065","9.4058","99.69K","0.65%"
"03/09/2020","9.4105","9.4962","9.5024","9.3944","68.70K","-0.87%"
"03/06/2020","9.4935","9.5425","9.5468","9.4594","62.93K","-0.49%"
"03/05/2020","9.5400","9.5590","9.5680","9.5044","71.66K","-0.18%"
"03/04/2020","9.5569","9.5342","9.5831","9.5226","95.92K","0.26%"
"03/03/2020","9.5317","9.5509","9.5788","9.5096","101.46K","-0.22%"
"03/02/2020","9.5530","9.5940","9.6045","9.5219","68.81K","-0.36%"
"02/28/2020","9.5872","9.6115","9.6444","9.5817","85.60K","-0.23%"
"02/27/2020","9.6097","9.6745","9.6888","9.6082","100.64K","-0.64%"
"02/26/2020","9.6720","9.6832","9.7010","9.6602","92.62K","-0.09%"
"02/25/2020","9.6810","9.7057","9.7157","9.6782","92.99K","-0.22%"
"02/24/2020","9.7026","9.7142","9.7328","9.6951","62.22K","-0.05%"
"02/21/2020","9.7076","9.7464","9.7486","9.6981","69.10K","-0.34%"
"02/20/2020","9.7407","9.7318","9.7515","9.7227","90.62K","0.13%"
"02/19/2020","9.7284","9.7404","9.7495","9.7241","99.90K","-0.10%"
"02/18/2020","9.7380","9.7230","9.7503","9.7148","94.01K","0.18%"
"02/17/2020","9.7202","9.7194","9.7331","9.7054","64.69K","0.01%"
"02/14/2020","9.7196","9.7244","9.7312","9.7056","55.05K","0.02%"
"02/13/2020","9.7175","9.6977","9.7285","9.6911","46.42K","0.16%"
"02/12/2020","9.7020","9.6821","9.7128","9.6712","46.43K","0.23%"
"02/11/2020","9.6796","9.6838","9.6992","9.6709","67.93K","-0.07%"
"02/10/2020","9.6861","9.6680","9.6947","9.6557","44.98K","0.19%"
"02/07/2020","9.6674","9.6525","9.6773","9.6462","71.67K","0.18%"
"02/06/2020","9.6505","9.6433","9.6663","9.6316","78.92K","0.12%"
"02/05/2020","9.6392","9.6189","9.6506","9.6117","65.48K","0.24%"
"02/04/2020","9.6165","9.6105","9.6296","9.6062","70.51K","0.09%"
"02/03/2020","9.6080","9.5999","9.6268","9.5912","49.62K","0.18%"
"01/31/2020","9.5911","9.6304","9.6403","9.5892","53.60K","-0.35%"
"01/30/2020","9.6250","9.6455","9.6494","9.6222","64.30K","-0.07%"
"01/29/2020","9.6314","9.6535","9.6685","9.6292","45.10K","-0.16%"
"01/28/2020","9.6470","9.6445","9.6667","9.6342","54.82K","0.05%"
"01/27/2020","9.6420","9.6384","9.6564","9.6310","46.48K","-0.01%"
"01/24/2020","9.6427","9.6305","9.6534","9.6229","69.70K","0.15%"
"01/23/2020","9.6280","9.6071","9.6453","9.6024","73.90K","0.22%"
"01/22/2020","9.6070","9.6118","9.6260","9.6031","58.14K","-0.03%"
"01/21/2020","9.6101","9.6099","9.6178","9.5888","46.31K","0.15%"
"01/20/2020","9.5956","9.6051","9.6244","9.5960","31.42K","-0.20%"
"01/17/2020","9.6150","9.5936","9.6236","9.5802","67.22K","0.29%"
"01/16/2020","9.5871","9.5756","9.6005","9.5618","78.15K","0.24%"
"01/15/2020","9.5645","9.5782","9.5931","9.5615","82.14K","-0.17%"
"01/14/2020","9.5810","9.5751","9.6008","9.5655","74.93K","0.08%"
"01/13/2020","9.5738","9.5865","9.5969","9.5667","70.64K","-0.11%"
"01/10/2020","9.5848","9.6065","9.6141","9.5773","64.63K","-0.21%"
"01/09/2020","9.6045","9.6125","9.6218","9.5963","75.76K","-0.05%"
"01/08/2020","9.6092","9.5925","9.6200","9.5761","80.40K","0.21%"
"01/07/2020","9.5891","9.5681","9.6069","9.5625","75.34K","0.25%"
"01/06/2020","9.5656","9.6035","9.6125","9.5626","53.83K","-0.33%"
"01/03/2020","9.5971","9.5995","9.6312","9.5882","73.83K","0.00%"
"01/02/2020","9.5970","9.5706","9.6106","9.5540","66.46K","0.44%"
"01/01/2020","9.5545","9.5714","9.5746","9.5553","5.82K","-0.10%"